min_x_defect,max_x_defect,min_y_defect,max_y_defect,area_pixels,slab_width,slab_length,sum_pixel_luminosity,min_pixel_luminosity,max_pixel_luminosity,conveyer_width,slab_thickness,type_of_steel,defect_type
38.0,49.0,735612.0,735624.0,113.0,11.0,12.0,12652.0,93.0,130.0,1707.0,100.0,TypeOfSteel_A300,1
1252.0,1348.0,355940.0,356016.0,1812.0,119.0,135.0,196003.0,,132.0,1687.0,80.0,TypeOfSteel_A300,1
193.0,210.0,612201.0,612252.0,588.0,18.0,51.0,62182.0,73.0,135.0,1353.0,290.0,TypeOfSteel_A400,1
1159.0,1170.0,32914.0,32926.0,106.0,11.0,12.0,12792.0,100.0,134.0,1353.0,185.0,TypeOfSteel_A400,1
366.0,392.0,228379.0,228429.0,612.0,46.0,52.0,71337.0,103.0,127.0,1687.0,200.0,TypeOfSteel_A400,1
837.0,850.0,231429.0,231443.0,155.0,13.0,14.0,16093.0,55.0,134.0,1687.0,200.0,TypeOfSteel_A400,1
390.0,402.0,2513153.0,2513182.0,247.0,14.0,29.0,26419.0,,126.0,1387.0,50.0,TypeOfSteel_A400,1
1351.0,1360.0,4807459.0,4807479.0,135.0,12.0,21.0,13096.0,,109.0,1387.0,50.0,TypeOfSteel_A400,1
1325.0,1336.0,4848223.0,4848269.0,376.0,13.0,47.0,37703.0,,117.0,1387.0,50.0,TypeOfSteel_A400,1
542.0,564.0,51943.0,51952.0,132.0,32.0,20.0,14760.0,104.0,119.0,1227.0,40.0,TypeOfSteel_A400,1
367.0,374.0,303225.0,303262.0,198.0,10.0,37.0,22581.0,101.0,127.0,1227.0,40.0,TypeOfSteel_A400,1
932.0,943.0,3020344.0,3020360.0,128.0,12.0,16.0,13996.0,,126.0,1687.0,50.0,TypeOfSteel_A400,1
516.0,528.0,1346892.0,1346908.0,143.0,15.0,16.0,14742.0,76.0,125.0,1353.0,70.0,TypeOfSteel_A400,1
1332.0,1347.0,70219.0,70241.0,221.0,19.0,22.0,24230.0,97.0,124.0,1687.0,70.0,TypeOfSteel_A300,1
480.0,492.0,1263623.0,1263637.0,114.0,15.0,14.0,12221.0,,125.0,1687.0,70.0,TypeOfSteel_A300,1
699.0,740.0,1503538.0,1503546.0,176.0,44.0,15.0,18466.0,,119.0,1353.0,50.0,TypeOfSteel_A300,1
431.0,444.0,1587172.0,1587191.0,176.0,21.0,19.0,19565.0,,135.0,1353.0,50.0,TypeOfSteel_A300,1
96.0,132.0,7430.0,7458.0,513.0,42.0,29.0,62225.0,105.0,139.0,1353.0,50.0,TypeOfSteel_A400,1
873.0,900.0,1099506.0,1099516.0,150.0,27.0,12.0,16873.0,96.0,129.0,1353.0,50.0,TypeOfSteel_A400,1
83.0,99.0,690095.0,690120.0,279.0,21.0,25.0,30271.0,61.0,135.0,1366.0,80.0,TypeOfSteel_A300,1
99.0,115.0,203973.0,203987.0,106.0,25.0,16.0,12782.0,108.0,134.0,1362.0,80.0,TypeOfSteel_A300,1
936.0,944.0,597956.0,597966.0,50.0,10.0,10.0,5345.0,93.0,127.0,1692.0,60.0,TypeOfSteel_A300,1
1010.0,1017.0,673841.0,673860.0,88.0,14.0,19.0,9432.0,95.0,125.0,1692.0,60.0,TypeOfSteel_A300,1
955.0,963.0,731417.0,731423.0,34.0,10.0,6.0,3553.0,,119.0,1692.0,60.0,TypeOfSteel_A300,1
1297.0,1305.0,817238.0,817245.0,46.0,8.0,8.0,5226.0,97.0,133.0,1690.0,60.0,TypeOfSteel_A300,1
1116.0,1124.0,861912.0,861921.0,38.0,12.0,10.0,4409.0,104.0,132.0,1690.0,60.0,TypeOfSteel_A300,1
1307.0,1314.0,968156.0,968164.0,35.0,9.0,9.0,4108.0,102.0,132.0,1692.0,60.0,TypeOfSteel_A300,1
935.0,947.0,1035255.0,1035264.0,66.0,14.0,9.0,6760.0,,127.0,1690.0,60.0,TypeOfSteel_A300,1
565.0,572.0,1074269.0,1074276.0,39.0,9.0,7.0,4442.0,101.0,134.0,1690.0,60.0,TypeOfSteel_A300,1
372.0,381.0,1131516.0,1131524.0,38.0,11.0,8.0,4304.0,96.0,125.0,1690.0,60.0,TypeOfSteel_A300,1
1609.0,1616.0,1168986.0,1168994.0,32.0,9.0,8.0,3094.0,,110.0,1688.0,60.0,TypeOfSteel_A300,1
748.0,758.0,1199744.0,1199753.0,67.0,12.0,10.0,7367.0,,134.0,1690.0,60.0,TypeOfSteel_A300,1
189.0,199.0,1290093.0,1290103.0,64.0,11.0,10.0,7736.0,103.0,145.0,1690.0,60.0,TypeOfSteel_A300,1
1559.0,1573.0,1658945.0,1658959.0,115.0,19.0,14.0,10923.0,71.0,118.0,1694.0,60.0,TypeOfSteel_A300,1
764.0,779.0,2070108.0,2070121.0,134.0,20.0,13.0,13696.0,67.0,127.0,1692.0,60.0,TypeOfStel_A300,1
1633.0,1642.0,2097069.0,2097080.0,69.0,12.0,11.0,6235.0,77.0,109.0,1692.0,60.0,TypeOfSteel_A300,1
133.0,142.0,2243918.0,2243932.0,101.0,12.0,14.0,11300.0,95.0,135.0,1692.0,60.0,TypeOfSteel_A300,1
501.0,531.0,2455610.0,2455644.0,617.0,53.0,43.0,65563.0,70.0,135.0,1688.0,60.0,TypeOfSteel_A300,1
973.0,986.0,2563697.0,2563708.0,93.0,14.0,11.0,9363.0,75.0,119.0,1690.0,60.0,TypeOfSteel_A300,1
967.0,976.0,2690125.0,2690135.0,67.0,13.0,10.0,6947.0,,119.0,1690.0,60.0,TypeOfSteel_A300,1
1126.0,1135.0,2829623.0,2829653.0,166.0,23.0,31.0,18674.0,,132.0,1692.0,60.0,TypeOfSteel_A300,1
561.0,571.0,2993150.0,2993160.0,75.0,13.0,10.0,8457.0,93.0,135.0,1692.0,60.0,TypeOfSteel_A300,1
1338.0,1348.0,3023370.0,3023381.0,82.0,14.0,11.0,9124.0,93.0,127.0,1694.0,60.0,TypeOfSteel_A300,1
512.0,521.0,3406368.0,3406376.0,55.0,11.0,8.0,6241.0,97.0,133.0,1692.0,60.0,TypeOfSteel_A300,1
1606.0,1620.0,3457631.0,3457651.0,208.0,23.0,21.0,17619.0,61.0,109.0,1686.0,60.0,TypeOfSteel_A300,1
532.0,544.0,3581245.0,3581267.0,148.0,25.0,23.0,16061.0,,127.0,1686.0,60.0,TypeOfSteel_A300,1
1393.0,1402.0,92878.0,92896.0,126.0,15.0,18.0,12598.0,,124.0,1688.0,60.0,TypeOfSteel_A300,1
744.0,757.0,113269.0,113291.0,162.0,21.0,23.0,17124.0,,124.0,1690.0,60.0,TypeOfStel_A300,1
595.0,607.0,140744.0,140756.0,100.0,15.0,12.0,11247.0,,132.0,1692.0,60.0,TypeOfSteel_A300,1
908.0,914.0,414919.0,414931.0,52.0,11.0,12.0,5249.0,,118.0,1692.0,60.0,TypeOfSteel_A300,1
368.0,380.0,484193.0,484208.0,138.0,17.0,16.0,15501.0,,135.0,1690.0,60.0,TypeOfSteel_A300,1
213.0,223.0,625577.0,625588.0,87.0,16.0,11.0,9527.0,,132.0,1692.0,60.0,TypeOfStel_A300,1
117.0,124.0,800126.0,800138.0,56.0,10.0,12.0,6459.0,104.0,132.0,1690.0,60.0,TypeOfSteel_A300,1
64.0,92.0,902589.0,902622.0,659.0,50.0,34.0,61890.0,49.0,132.0,1688.0,60.0,TypeOfStel_A300,1
129.0,140.0,970962.0,970972.0,66.0,14.0,10.0,7537.0,101.0,131.0,1684.0,60.0,TypeOfStel_A300,1
104.0,120.0,1046565.0,1046583.0,184.0,20.0,18.0,19728.0,77.0,133.0,1688.0,60.0,TypeOfStel_A300,1
52.0,88.0,1082492.0,1082521.0,662.0,55.0,33.0,61753.0,44.0,126.0,1690.0,60.0,TypeOfStel_A300,1
539.0,547.0,1294968.0,1294979.0,70.0,9.0,11.0,7964.0,94.0,133.0,1688.0,60.0,TypeOfSteel_A300,1
947.0,960.0,1388292.0,1388304.0,107.0,15.0,12.0,10416.0,65.0,119.0,1690.0,60.0,TypeOfSteel_A300,1
541.0,556.0,1540628.0,1540636.0,84.0,17.0,8.0,9571.0,99.0,133.0,1690.0,60.0,TypeOfSteel_A300,1
118.0,128.0,1566617.0,1566638.0,126.0,22.0,21.0,13355.0,,119.0,1690.0,60.0,TypeOfSteel_A300,1
1063.0,1071.0,1593977.0,1593992.0,90.0,12.0,15.0,10036.0,93.0,135.0,1692.0,60.0,TypeOfSteel_A300,1
1084.0,1096.0,1635847.0,1635864.0,144.0,16.0,17.0,15517.0,,134.0,1694.0,60.0,TypeOfSteel_A300,1
24.0,33.0,2089982.0,2089996.0,94.0,13.0,14.0,8943.0,,109.0,1690.0,60.0,TypeOfSteel_A300,1
155.0,168.0,2274364.0,2274383.0,163.0,18.0,19.0,18196.0,93.0,133.0,1688.0,60.0,TypeOfSteel_A300,1
1005.0,1030.0,2315017.0,2315030.0,204.0,30.0,17.0,22388.0,95.0,124.0,1690.0,60.0,TypeOfStel_A300,1
30.0,38.0,2488268.0,2488282.0,78.0,10.0,14.0,7387.0,,110.0,1692.0,60.0,TypeOfSteel_A300,1
881.0,891.0,2921961.0,2921970.0,62.0,11.0,9.0,6294.0,,118.0,1688.0,60.0,TypeOfSteel_A300,1
280.0,292.0,2946689.0,2946700.0,110.0,15.0,11.0,11881.0,,133.0,1690.0,60.0,TypeOfSteel_A300,1
1250.0,1262.0,3294606.0,3294616.0,65.0,14.0,10.0,7394.0,103.0,127.0,1690.0,60.0,TypeOfStel_A300,1
1643.0,1681.0,951875.0,951917.0,822.0,88.0,63.0,70737.0,71.0,101.0,1692.0,70.0,TypeOfSteel_A300,1
1680.0,1689.0,990614.0,990624.0,68.0,10.0,10.0,3507.0,21.0,82.0,1692.0,70.0,TypeOfSteel_A300,1
1674.0,1684.0,1161637.0,1161649.0,59.0,14.0,12.0,4717.0,72.0,93.0,1692.0,70.0,TypeOfSteel_A300,1
1678.0,1687.0,1465348.0,1465360.0,71.0,11.0,12.0,3944.0,22.0,86.0,1690.0,70.0,TypeOfStel_A300,1
1641.0,1665.0,2961860.0,2961953.0,1130.0,102.0,101.0,99671.0,77.0,103.0,1692.0,70.0,TypeOfSteel_A300,1
1633.0,1656.0,2987424.0,2987515.0,1125.0,83.0,92.0,100842.0,76.0,111.0,1692.0,70.0,TypeOfSteel_A300,1
1638.0,1647.0,3009085.0,3009096.0,66.0,16.0,11.0,6385.0,,109.0,1692.0,70.0,TypeOfSteel_A300,1
677.0,686.0,3379334.0,3379344.0,69.0,12.0,10.0,7774.0,95.0,132.0,1682.0,70.0,TypeOfSteel_A300,1
1575.0,1590.0,3403338.0,3403364.0,255.0,25.0,26.0,23784.0,77.0,109.0,1684.0,70.0,TypeOfSteel_A300,1
723.0,734.0,3857540.0,3857548.0,78.0,13.0,8.0,8757.0,,132.0,1688.0,70.0,TypeOfSteel_A300,1
759.0,768.0,3896732.0,3896740.0,54.0,10.0,8.0,6028.0,,127.0,1690.0,70.0,TypeOfSteel_A300,1
188.0,198.0,3942253.0,3942263.0,74.0,11.0,10.0,8375.0,95.0,134.0,1688.0,70.0,TypeOfSteel_A300,1
339.0,355.0,3962284.0,3962304.0,250.0,20.0,20.0,25833.0,77.0,124.0,1692.0,70.0,TypeOfSteel_A300,1
143.0,151.0,3986260.0,3986268.0,51.0,10.0,8.0,5716.0,102.0,125.0,1694.0,70.0,TypeOfSteel_A300,1
868.0,879.0,4048592.0,4048602.0,86.0,11.0,10.0,8851.0,,117.0,1688.0,70.0,TypeOfSteel_A300,1
396.0,404.0,99636.0,99644.0,55.0,10.0,8.0,6860.0,111.0,142.0,1690.0,70.0,TypeOfSteel_A300,1
508.0,518.0,257756.0,257770.0,110.0,13.0,14.0,12127.0,,132.0,1686.0,70.0,TypeOfSteel_A300,1
1134.0,1156.0,728281.0,728304.0,375.0,32.0,23.0,34485.0,48.0,132.0,1364.0,70.0,TypeOfSteel_A300,1
251.0,260.0,961360.0,961371.0,67.0,11.0,11.0,7550.0,99.0,125.0,1364.0,70.0,TypeOfSteel_A300,1
682.0,693.0,1620649.0,1620667.0,126.0,15.0,18.0,14330.0,104.0,133.0,1354.0,40.0,TypeOfSteel_A400,1
1084.0,1167.0,1803992.0,1804016.0,880.0,109.0,61.0,103662.0,101.0,134.0,1358.0,40.0,TypeOfSteel_A400,1
920.0,928.0,1862719.0,1862728.0,52.0,9.0,9.0,5816.0,101.0,126.0,1358.0,40.0,TypeOfSteel_A400,1
205.0,214.0,2039121.0,2039135.0,84.0,14.0,14.0,9767.0,105.0,132.0,1356.0,40.0,TypeOfSteel_A400,1
1327.0,1332.0,2062989.0,2063003.0,55.0,11.0,14.0,6074.0,102.0,124.0,1354.0,40.0,TypeOfSteel_A400,1
482.0,490.0,2102085.0,2102099.0,68.0,14.0,14.0,7747.0,105.0,127.0,1354.0,40.0,TypeOfSteel_A400,1
1317.0,1324.0,2166062.0,2166078.0,78.0,12.0,16.0,9381.0,110.0,132.0,1352.0,40.0,TypeOfSteel_A400,1
17.0,23.0,2433462.0,2433491.0,122.0,16.0,29.0,14032.0,107.0,127.0,1352.0,40.0,TypeOfSteel_A400,1
828.0,837.0,2451285.0,2451296.0,67.0,13.0,11.0,8107.0,112.0,134.0,1350.0,40.0,TypeOfSteel_A400,1
724.0,733.0,3320084.0,3320092.0,56.0,14.0,8.0,5857.0,,124.0,1380.0,40.0,TypeOfSteel_A400,1
593.0,603.0,3384541.0,3384556.0,101.0,15.0,15.0,11431.0,99.0,125.0,1376.0,40.0,TypeOfSteel_A400,1
1049.0,1058.0,3577116.0,3577127.0,67.0,12.0,11.0,7881.0,106.0,132.0,1376.0,40.0,TypeOfSteel_A400,1
1312.0,1322.0,4118358.0,4118372.0,77.0,15.0,14.0,8558.0,104.0,119.0,1350.0,40.0,TypeOfSteel_A400,1
459.0,470.0,4165780.0,4165792.0,89.0,14.0,12.0,10504.0,108.0,127.0,1352.0,40.0,TypeOfSteel_A400,1
487.0,497.0,4186980.0,4186988.0,52.0,20.0,8.0,6999.0,130.0,141.0,1352.0,40.0,TypeOfSteel_A400,1
204.0,226.0,921087.0,921104.0,105.0,37.0,20.0,13505.0,100.0,148.0,1368.0,69.0,TypeOfSteel_A300,1
576.0,586.0,1581945.0,1581952.0,54.0,12.0,7.0,7555.0,123.0,159.0,1652.0,69.0,TypeOfSteel_A300,1
1582.0,1592.0,1612840.0,1612870.0,193.0,25.0,30.0,18218.0,,111.0,1654.0,69.0,TypeOfSteel_A300,1
1287.0,1296.0,1695433.0,1695447.0,86.0,16.0,14.0,9848.0,100.0,133.0,1652.0,69.0,TypeOfSteel_A300,1
57.0,67.0,4121201.0,4121214.0,81.0,16.0,13.0,9137.0,98.0,127.0,1646.0,69.0,TypeOfSteel_A300,1
715.0,732.0,5260241.0,5260250.0,116.0,18.0,10.0,12530.0,,134.0,1650.0,69.0,TypeOfSteel_A300,1
1358.0,1376.0,5492080.0,5492091.0,110.0,34.0,16.0,14087.0,113.0,140.0,1650.0,69.0,TypeOfSteel_A300,1
203.0,222.0,5521699.0,5521708.0,89.0,32.0,14.0,11922.0,123.0,150.0,1650.0,69.0,TypeOfSteel_A300,1
1345.0,1358.0,5550892.0,5550899.0,51.0,14.0,11.0,6525.0,120.0,141.0,1650.0,69.0,TypeOfSteel_A300,1
146.0,169.0,5714647.0,5714652.0,76.0,24.0,7.0,10286.0,120.0,151.0,1650.0,69.0,TypeOfSteel_A300,1
305.0,313.0,836762.0,836771.0,51.0,10.0,9.0,5779.0,,134.0,1690.0,150.0,TypeOfSteel_A300,1
1041.0,1056.0,1276792.0,1276817.0,252.0,20.0,25.0,28061.0,,135.0,1652.0,100.0,TypeOfSteel_A300,1
1261.0,1273.0,1592233.0,1592247.0,102.0,24.0,15.0,13464.0,118.0,149.0,1650.0,100.0,TypeOfSteel_A300,1
206.0,239.0,1785718.0,1785787.0,979.0,126.0,108.0,118187.0,106.0,141.0,1660.0,100.0,TypeOfSteel_A300,1
814.0,823.0,119924.0,119932.0,52.0,10.0,8.0,4695.0,74.0,103.0,1662.0,100.0,TypeOfSteel_A300,1
673.0,695.0,890920.0,890940.0,290.0,28.0,22.0,26213.0,43.0,124.0,1710.0,100.0,TypeOfSteel_A300,1
1161.0,1170.0,2173332.0,2173340.0,56.0,10.0,9.0,5966.0,,124.0,1710.0,100.0,TypeOfSteel_A300,1
912.0,927.0,3597508.0,3597517.0,56.0,19.0,11.0,7390.0,120.0,143.0,1658.0,100.0,TypeOfSteel_A300,1
1145.0,1154.0,595201.0,595245.0,226.0,23.0,44.0,24834.0,93.0,126.0,1358.0,100.0,TypeOfSteel_A300,1
557.0,567.0,1130873.0,1130901.0,171.0,23.0,28.0,17836.0,,124.0,1360.0,100.0,TypeOfSteel_A300,1
1245.0,1263.0,1349778.0,1349811.0,383.0,37.0,33.0,41476.0,97.0,125.0,1360.0,100.0,TypeOfSteel_A300,1
1272.0,1285.0,1954485.0,1954498.0,120.0,17.0,13.0,12847.0,,132.0,1360.0,100.0,TypeOfSteel_A300,1
657.0,678.0,2134924.0,2134950.0,425.0,28.0,26.0,37025.0,48.0,124.0,1356.0,100.0,TypeOfSteel_A300,1
1175.0,1187.0,2488529.0,2488541.0,111.0,14.0,12.0,11868.0,93.0,124.0,1352.0,100.0,TypeOfSteel_A300,1
1307.0,1316.0,2633467.0,2633484.0,96.0,21.0,18.0,11447.0,108.0,134.0,1362.0,100.0,TypeOfSteel_A300,1
919.0,931.0,3178549.0,3178563.0,133.0,14.0,14.0,14163.0,,126.0,1358.0,100.0,TypeOfSteel_A300,1
320.0,329.0,9754896.0,9754906.0,63.0,12.0,10.0,6884.0,,126.0,1356.0,100.0,TypeOfSteel_A300,1
661.0,669.0,2183073.0,2183084.0,69.0,11.0,11.0,6811.0,,116.0,1362.0,120.0,TypeOfSteel_A300,1
1467.0,1482.0,1144047.0,1144070.0,245.0,20.0,23.0,23122.0,56.0,118.0,1656.0,80.0,TypeOfSteel_A300,1
929.0,939.0,1248676.0,1248687.0,88.0,13.0,11.0,9120.0,,118.0,1656.0,80.0,TypeOfSteel_A300,1
165.0,176.0,1293999.0,1294012.0,106.0,11.0,13.0,11973.0,96.0,128.0,1654.0,80.0,TypeOfSteel_A300,1
1605.0,1613.0,2158132.0,2158152.0,88.0,21.0,20.0,7182.0,67.0,94.0,1656.0,80.0,TypeOfSteel_A300,1
1588.0,1602.0,2338856.0,2338875.0,169.0,20.0,19.0,14689.0,64.0,103.0,1654.0,80.0,TypeOfSteel_A300,1
957.0,966.0,2591828.0,2591841.0,80.0,12.0,13.0,8091.0,,112.0,1648.0,80.0,TypeOfSteel_A300,1
248.0,255.0,3568704.0,3568718.0,63.0,12.0,14.0,7202.0,104.0,127.0,1648.0,80.0,TypeOfSteel_A300,1
847.0,858.0,3658081.0,3658092.0,84.0,15.0,11.0,8532.0,,118.0,1646.0,80.0,TypeOfSteel_A300,1
953.0,962.0,3681237.0,3681252.0,79.0,12.0,15.0,8132.0,,124.0,1646.0,80.0,TypeOfSteel_A300,1
532.0,542.0,3706296.0,3706306.0,66.0,14.0,10.0,7519.0,97.0,132.0,1646.0,80.0,TypeOfSteel_A300,1
253.0,279.0,3802023.0,3802044.0,350.0,31.0,25.0,37664.0,,134.0,1648.0,80.0,TypeOfSteel_A300,1
63.0,73.0,3947227.0,3947239.0,85.0,11.0,12.0,9693.0,95.0,133.0,1648.0,80.0,TypeOfSteel_A300,1
389.0,404.0,4072432.0,4072440.0,82.0,16.0,9.0,9431.0,100.0,127.0,1648.0,80.0,TypeOfSteel_A300,1
576.0,583.0,4235272.0,4235283.0,60.0,11.0,11.0,6887.0,102.0,127.0,1648.0,80.0,TypeOfSteel_A300,1
93.0,103.0,4630871.0,4630888.0,108.0,17.0,17.0,12886.0,102.0,135.0,1648.0,80.0,TypeOfSteel_A300,1
395.0,404.0,4726828.0,4726836.0,57.0,10.0,8.0,6684.0,101.0,136.0,1646.0,80.0,TypeOfSteel_A300,1
61.0,67.0,799291.0,799301.0,34.0,8.0,10.0,2588.0,61.0,95.0,1690.0,211.0,TypeOfSteel_A300,1
1538.0,1562.0,830518.0,830524.0,51.0,25.0,11.0,4561.0,77.0,103.0,1686.0,211.0,TypeOfSteel_A300,1
477.0,488.0,1134907.0,1134921.0,116.0,18.0,14.0,11801.0,64.0,134.0,1692.0,143.0,TypeOfSteel_A300,1
965.0,975.0,1219062.0,1219077.0,79.0,17.0,15.0,10188.0,115.0,149.0,1682.0,143.0,TypeOfSteel_A300,1
1474.0,1489.0,1248833.0,1248844.0,114.0,18.0,12.0,13680.0,101.0,141.0,1694.0,60.0,TypeOfSteel_A300,1
933.0,941.0,271824.0,271831.0,38.0,9.0,7.0,3963.0,,119.0,1696.0,100.0,TypeOfSteel_A300,1
1135.0,1141.0,287964.0,287972.0,32.0,9.0,8.0,3772.0,105.0,133.0,1698.0,100.0,TypeOfSteel_A300,1
1179.0,1185.0,496422.0,496428.0,25.0,6.0,6.0,2918.0,105.0,133.0,1694.0,100.0,TypeOfSteel_A300,1
976.0,985.0,733668.0,733675.0,45.0,10.0,7.0,4664.0,,126.0,1694.0,100.0,TypeOfSteel_A300,1
611.0,625.0,468991.0,469023.0,223.0,31.0,32.0,25800.0,106.0,130.0,1626.0,70.0,TypeOfSteel_A300,1
1441.0,1450.0,492452.0,492461.0,62.0,12.0,9.0,6582.0,,124.0,1626.0,70.0,TypeOfSteel_A300,1
729.0,742.0,832264.0,832282.0,148.0,21.0,19.0,15761.0,96.0,117.0,1626.0,70.0,TypeOfSteel_A300,1
869.0,877.0,899390.0,899399.0,52.0,9.0,9.0,5483.0,,119.0,1626.0,70.0,TypeOfSteel_A300,1
1009.0,1020.0,1067161.0,1067171.0,68.0,14.0,10.0,7634.0,96.0,132.0,1624.0,70.0,TypeOfSteel_A300,1
1410.0,1420.0,1164921.0,1164931.0,60.0,12.0,10.0,6342.0,,124.0,1624.0,70.0,TypeOfSteel_A300,1
1515.0,1528.0,1206028.0,1206040.0,113.0,14.0,12.0,10683.0,75.0,110.0,1624.0,70.0,TypeOfSteel_A300,1
386.0,394.0,1304617.0,1304626.0,51.0,10.0,9.0,5795.0,100.0,133.0,1624.0,70.0,TypeOfSteel_A300,1
1267.0,1278.0,1340865.0,1340875.0,70.0,12.0,10.0,7890.0,,131.0,1624.0,70.0,TypeOfSteel_A300,1
1065.0,1075.0,1379196.0,1379206.0,66.0,13.0,10.0,7502.0,98.0,135.0,1624.0,70.0,TypeOfSteel_A300,1
1297.0,1308.0,1439661.0,1439674.0,104.0,16.0,13.0,12367.0,110.0,132.0,1626.0,70.0,TypeOfSteel_A300,1
101.0,114.0,1467096.0,1467110.0,140.0,18.0,14.0,15073.0,,127.0,1624.0,70.0,TypeOfSteel_A300,1
924.0,935.0,1519112.0,1519120.0,64.0,14.0,8.0,6913.0,94.0,121.0,1624.0,70.0,TypeOfSteel_A300,1
993.0,1004.0,1589161.0,1589168.0,57.0,12.0,7.0,6528.0,103.0,126.0,1626.0,70.0,TypeOfSteel_A300,1
996.0,1009.0,1627293.0,1627306.0,114.0,16.0,14.0,12284.0,,126.0,1626.0,70.0,TypeOfSteel_A300,1
984.0,994.0,1802170.0,1802178.0,58.0,10.0,8.0,6651.0,99.0,134.0,1628.0,70.0,TypeOfSteel_A300,1
586.0,616.0,1862942.0,1862979.0,767.0,42.0,37.0,55228.0,12.0,134.0,1624.0,70.0,TypeOfSteel_A300,1
1215.0,1223.0,1940686.0,1940699.0,66.0,10.0,13.0,7467.0,101.0,123.0,1624.0,70.0,TypeOfSteel_A300,1
990.0,998.0,1973168.0,1973176.0,59.0,8.0,8.0,6543.0,93.0,122.0,1622.0,70.0,TypeOfSteel_A300,1
1233.0,1245.0,2093622.0,2093633.0,93.0,14.0,11.0,10797.0,,134.0,1696.0,85.0,TypeOfSteel_A300,1
853.0,862.0,15184.0,15196.0,84.0,11.0,12.0,10694.0,102.0,150.0,1696.0,85.0,TypeOfSteel_A300,1
1123.0,1140.0,34172.0,34180.0,76.0,18.0,8.0,10680.0,130.0,150.0,1698.0,85.0,TypeOfSteel_A300,1
965.0,975.0,71777.0,71788.0,63.0,16.0,12.0,9037.0,136.0,156.0,1696.0,85.0,TypeOfSteel_A300,1
806.0,815.0,1204128.0,1204136.0,52.0,10.0,8.0,5328.0,,124.0,1352.0,80.0,TypeOfSteel_A300,1
726.0,738.0,1286481.0,1286491.0,84.0,12.0,10.0,8949.0,,125.0,1352.0,80.0,TypeOfSteel_A300,1
770.0,780.0,1608591.0,1608609.0,121.0,14.0,18.0,12773.0,,124.0,1354.0,80.0,TypeOfSteel_A300,1
893.0,902.0,1664446.0,1664455.0,61.0,11.0,9.0,6682.0,92.0,133.0,1356.0,80.0,TypeOfSteel_A300,1
559.0,571.0,1975680.0,1975691.0,75.0,15.0,11.0,8166.0,,140.0,1352.0,80.0,TypeOfSteel_A300,1
312.0,322.0,10391495.0,10391507.0,88.0,13.0,12.0,9643.0,,126.0,1358.0,40.0,TypeOfSteel_A400,1
1145.0,1159.0,10507433.0,10507445.0,107.0,15.0,12.0,12374.0,104.0,126.0,1358.0,40.0,TypeOfSteel_A400,1
681.0,692.0,564704.0,564721.0,147.0,17.0,17.0,14809.0,,118.0,1358.0,50.0,TypeOfSteel_A400,1
771.0,778.0,1264388.0,1264403.0,84.0,9.0,15.0,9968.0,107.0,133.0,1358.0,50.0,TypeOfSteel_A400,1
755.0,761.0,1362991.0,1362998.0,32.0,6.0,7.0,3355.0,98.0,111.0,1358.0,50.0,TypeOfSteel_A400,1
735.0,746.0,1759941.0,1759951.0,62.0,11.0,10.0,6884.0,93.0,127.0,1360.0,50.0,TypeOfSteel_A400,1
338.0,348.0,393428.0,393468.0,273.0,31.0,40.0,29865.0,93.0,125.0,1376.0,40.0,TypeOfSteel_A400,1
496.0,527.0,3889348.0,3889402.0,1176.0,67.0,60.0,117153.0,56.0,124.0,1668.0,40.0,TypeOfSteel_A400,1
1259.0,1302.0,3928519.0,3928612.0,2400.0,96.0,95.0,260185.0,69.0,132.0,1664.0,40.0,TypeOfSteel_A400,1
734.0,747.0,3980510.0,3980528.0,177.0,18.0,18.0,19435.0,,126.0,1666.0,40.0,TypeOfSteel_A400,1
733.0,740.0,4022585.0,4022595.0,61.0,10.0,10.0,6588.0,,119.0,1668.0,40.0,TypeOfSteel_A400,1
1110.0,1126.0,4349724.0,4349745.0,220.0,19.0,21.0,27851.0,115.0,140.0,1666.0,40.0,TypeOfSteel_A400,1
282.0,291.0,455871.0,455881.0,67.0,11.0,10.0,7391.0,96.0,125.0,1374.0,40.0,TypeOfSteel_A400,1
572.0,584.0,228293.0,228336.0,341.0,39.0,43.0,44484.0,121.0,140.0,1362.0,40.0,TypeOfSteel_A400,1
522.0,528.0,281944.0,281958.0,57.0,8.0,14.0,6661.0,110.0,125.0,1362.0,40.0,TypeOfSteel_A400,1
1038.0,1047.0,603596.0,603608.0,80.0,12.0,12.0,9136.0,100.0,133.0,1358.0,40.0,TypeOfSteel_A400,1
575.0,587.0,1279980.0,1279991.0,111.0,15.0,11.0,11861.0,,124.0,1362.0,40.0,TypeOfSteel_A400,1
803.0,814.0,135392.0,135403.0,98.0,14.0,11.0,10137.0,,126.0,1358.0,200.0,TypeOfSteel_A400,1
1145.0,1157.0,2613103.0,2613123.0,168.0,15.0,20.0,19901.0,105.0,135.0,1362.0,40.0,TypeOfSteel_A400,1
371.0,385.0,2794886.0,2794911.0,172.0,24.0,25.0,19549.0,105.0,125.0,1362.0,40.0,TypeOfSteel_A400,1
362.0,388.0,2839568.0,2839625.0,1015.0,49.0,59.0,105560.0,76.0,132.0,1364.0,40.0,TypeOfSteel_A400,1
228.0,253.0,3458746.0,3458793.0,561.0,57.0,50.0,60112.0,61.0,124.0,1362.0,40.0,TypeOfSteel_A400,1
787.0,1316.0,3544454.0,3544490.0,8391.0,609.0,343.0,991612.0,103.0,140.0,1364.0,40.0,TypeOfSteel_A400,1
395.0,419.0,4680348.0,4680372.0,158.0,65.0,39.0,18480.0,111.0,126.0,1364.0,40.0,TypeOfSteel_A400,1
10.0,17.0,783146.0,783156.0,51.0,10.0,10.0,5141.0,93.0,116.0,1364.0,185.0,TypeOfSteel_A400,1
1221.0,1232.0,87916.0,87927.0,90.0,17.0,11.0,9216.0,,124.0,1362.0,175.0,TypeOfSteel_A400,1
751.0,763.0,424082.0,424112.0,212.0,38.0,32.0,23916.0,,125.0,1358.0,175.0,TypeOfSteel_A400,1
1289.0,1305.0,534066.0,534095.0,217.0,60.0,39.0,26032.0,108.0,133.0,1360.0,175.0,TypeOfSteel_A400,1
1015.0,1023.0,639490.0,639507.0,81.0,17.0,17.0,10095.0,113.0,143.0,1362.0,175.0,TypeOfSteel_A400,1
693.0,705.0,697863.0,697905.0,239.0,30.0,43.0,27364.0,100.0,126.0,1360.0,175.0,TypeOfSteel_A400,1
979.0,992.0,724192.0,724202.0,59.0,15.0,11.0,7330.0,112.0,141.0,1360.0,175.0,TypeOfSteel_A400,1
950.0,957.0,852041.0,852053.0,63.0,9.0,12.0,7758.0,115.0,141.0,1360.0,175.0,TypeOfSteel_A400,1
1044.0,1054.0,950109.0,950148.0,215.0,28.0,39.0,25269.0,105.0,134.0,1360.0,175.0,TypeOfSteel_A400,1
98.0,164.0,189519.0,189532.0,350.0,107.0,39.0,46379.0,125.0,143.0,1364.0,100.0,TypeOfSteel_A400,1
125.0,149.0,356611.0,356625.0,170.0,39.0,20.0,22467.0,123.0,141.0,1362.0,100.0,TypeOfSteel_A400,1
81.0,109.0,373946.0,373961.0,153.0,58.0,29.0,19616.0,118.0,143.0,1362.0,100.0,TypeOfSteel_A400,1
157.0,179.0,395408.0,395420.0,140.0,43.0,13.0,17898.0,118.0,141.0,1360.0,100.0,TypeOfSteel_A400,1
159.0,194.0,413476.0,413490.0,168.0,53.0,30.0,21548.0,120.0,143.0,1362.0,100.0,TypeOfSteel_A400,1
239.0,282.0,505112.0,505127.0,226.0,64.0,33.0,28906.0,120.0,141.0,1360.0,100.0,TypeOfSteel_A400,1
315.0,341.0,530471.0,530483.0,116.0,32.0,19.0,14912.0,121.0,142.0,1360.0,100.0,TypeOfSteel_A400,1
305.0,318.0,551913.0,551924.0,104.0,18.0,12.0,11469.0,97.0,126.0,1360.0,100.0,TypeOfSteel_A400,1
309.0,320.0,574196.0,574216.0,156.0,17.0,20.0,15848.0,74.0,127.0,1362.0,100.0,TypeOfSteel_A400,1
187.0,203.0,594752.0,594771.0,136.0,50.0,27.0,17433.0,119.0,143.0,1364.0,100.0,TypeOfSteel_A400,1
311.0,323.0,618457.0,618502.0,377.0,33.0,45.0,36933.0,59.0,132.0,1364.0,100.0,TypeOfSteel_A400,1
1318.0,1329.0,2287245.0,2287276.0,224.0,25.0,31.0,22017.0,77.0,126.0,1364.0,100.0,TypeOfSteel_A400,1
1293.0,1304.0,3626796.0,3626816.0,163.0,18.0,20.0,16916.0,,126.0,1362.0,50.0,TypeOfSteel_A400,1
794.0,806.0,2294295.0,2294312.0,172.0,14.0,18.0,19457.0,,134.0,1360.0,40.0,TypeOfSteel_A400,1
1215.0,1232.0,1545468.0,1545486.0,184.0,42.0,22.0,22708.0,115.0,135.0,1628.0,120.0,TypeOfSteel_A400,1
822.0,842.0,820681.0,820708.0,304.0,30.0,28.0,34001.0,,133.0,1360.0,175.0,TypeOfSteel_A400,1
1283.0,1297.0,324225.0,324243.0,140.0,22.0,19.0,16020.0,105.0,126.0,1358.0,40.0,TypeOfSteel_A400,1
498.0,509.0,261713.0,261732.0,144.0,17.0,19.0,15785.0,,132.0,1356.0,40.0,TypeOfSteel_A400,1
354.0,370.0,409908.0,409918.0,116.0,19.0,10.0,12174.0,,126.0,1360.0,40.0,TypeOfSteel_A400,1
860.0,883.0,61614.0,61648.0,563.0,36.0,34.0,58906.0,,133.0,1306.0,40.0,TypeOfSteel_A400,1
581.0,652.0,148364.0,148463.0,3187.0,208.0,198.0,336567.0,,127.0,1306.0,40.0,TypeOfSteel_A400,1
1214.0,1227.0,365205.0,365227.0,210.0,20.0,22.0,21547.0,70.0,127.0,1308.0,40.0,TypeOfSteel_A400,1
818.0,829.0,657566.0,657580.0,112.0,13.0,14.0,12587.0,,133.0,1306.0,40.0,TypeOfSteel_A400,1
19.0,28.0,877413.0,877428.0,114.0,14.0,15.0,11442.0,,125.0,1306.0,40.0,TypeOfSteel_A400,1
71.0,86.0,1119116.0,1119168.0,446.0,43.0,52.0,48231.0,96.0,127.0,1308.0,40.0,TypeOfSteel_A400,1
262.0,274.0,849219.0,849235.0,139.0,15.0,16.0,14610.0,71.0,126.0,1690.0,120.0,TypeOfSteel_A300,1
112.0,127.0,33720.0,33737.0,178.0,16.0,17.0,17274.0,69.0,125.0,1692.0,80.0,TypeOfSteel_A300,1
118.0,133.0,125813.0,125827.0,128.0,17.0,15.0,14234.0,,133.0,1692.0,80.0,TypeOfSteel_A300,1
559.0,592.0,274608.0,274631.0,460.0,52.0,41.0,54324.0,103.0,134.0,1694.0,80.0,TypeOfSteel_A300,1
181.0,191.0,398801.0,398815.0,112.0,15.0,14.0,11998.0,,126.0,1794.0,80.0,TypeOfSteel_A300,1
1494.0,1506.0,547500.0,547511.0,102.0,15.0,11.0,9367.0,77.0,110.0,1696.0,80.0,TypeOfSteel_A300,1
1539.0,1556.0,625496.0,625516.0,260.0,24.0,20.0,21865.0,52.0,110.0,1692.0,80.0,TypeOfSteel_A300,1
1348.0,1360.0,662867.0,662880.0,106.0,16.0,14.0,10152.0,73.0,124.0,1696.0,80.0,TypeOfSteel_A300,1
189.0,232.0,712491.0,712528.0,561.0,106.0,62.0,75006.0,120.0,150.0,1694.0,80.0,TypeOfSteel_A300,1
1641.0,1664.0,769086.0,769100.0,186.0,35.0,18.0,19132.0,,125.0,1694.0,80.0,TypeOfSteel_A300,1
1372.0,1388.0,784148.0,784164.0,131.0,22.0,17.0,16983.0,118.0,142.0,1694.0,80.0,TypeOfSteel_A300,1
91.0,178.0,815573.0,815711.0,3234.0,198.0,207.0,348957.0,75.0,141.0,1692.0,80.0,TypeOfSteel_A300,1
161.0,317.0,830128.0,830232.0,4663.0,709.0,425.0,606744.0,115.0,156.0,1694.0,80.0,TypeOfSteel_A300,1
284.0,335.0,841077.0,841149.0,1095.0,192.0,134.0,142791.0,117.0,150.0,1694.0,80.0,TypeOfSteel_A300,1
174.0,222.0,884609.0,884631.0,505.0,83.0,41.0,56864.0,97.0,127.0,1694.0,80.0,TypeOfSteel_A300,1
90.0,131.0,906500.0,906534.0,571.0,58.0,43.0,62823.0,73.0,252.0,1692.0,80.0,TypeOfSteel_A300,1
195.0,225.0,921071.0,921130.0,790.0,103.0,83.0,104560.0,119.0,149.0,1692.0,80.0,TypeOfSteel_A300,1
73.0,110.0,939291.0,939346.0,903.0,76.0,83.0,100112.0,,134.0,1694.0,80.0,TypeOfSteel_A300,1
95.0,127.0,961065.0,961092.0,551.0,44.0,27.0,53142.0,56.0,128.0,1692.0,80.0,TypeOfSteel_A300,1
57.0,81.0,1022956.0,1022976.0,270.0,31.0,25.0,31583.0,95.0,135.0,1694.0,80.0,TypeOfSteel_A300,1
293.0,314.0,1044255.0,1044283.0,210.0,41.0,29.0,27761.0,119.0,148.0,1694.0,80.0,TypeOfSteel_A300,1
387.0,403.0,1349016.0,1349036.0,231.0,25.0,20.0,23488.0,65.0,126.0,1694.0,80.0,TypeOfSteel_A300,1
630.0,649.0,96205.0,96225.0,254.0,26.0,20.0,28955.0,,135.0,1684.0,70.0,TypeOfSteel_A300,1
888.0,900.0,172100.0,172111.0,105.0,15.0,11.0,10269.0,59.0,126.0,1686.0,70.0,TypeOfSteel_A300,1
1111.0,1126.0,238390.0,238406.0,166.0,17.0,16.0,16566.0,61.0,134.0,1686.0,70.0,TypeOfSteel_A300,1
1272.0,1286.0,290640.0,290652.0,125.0,15.0,12.0,12560.0,61.0,125.0,1688.0,70.0,TypeOfSteel_A300,1
832.0,856.0,310567.0,310597.0,335.0,39.0,31.0,35066.0,,127.0,1690.0,70.0,TypeOfSteel_????,1
671.0,682.0,334988.0,335000.0,101.0,12.0,12.0,11471.0,,140.0,1690.0,70.0,TypeOfSteel_????,1
1073.0,1088.0,433186.0,433198.0,143.0,15.0,12.0,14669.0,61.0,127.0,1686.0,70.0,TypeOfSteel_A300,1
1121.0,1135.0,507537.0,507548.0,114.0,17.0,11.0,11979.0,67.0,132.0,1688.0,70.0,TypeOfSteel_A300,1
567.0,580.0,532545.0,532556.0,110.0,16.0,11.0,11890.0,75.0,140.0,1690.0,70.0,TypeOfSteel_A300,1
1210.0,1222.0,563227.0,563239.0,114.0,14.0,12.0,12063.0,,127.0,1688.0,70.0,TypeOfSteel_A300,1
1128.0,1141.0,643180.0,643193.0,124.0,17.0,13.0,13135.0,,127.0,1686.0,70.0,TypeOfSteel_????,1
1077.0,1090.0,699354.0,699365.0,114.0,15.0,11.0,11778.0,71.0,132.0,1690.0,70.0,TypeOfSteel_A300,1
604.0,621.0,850713.0,850745.0,282.0,37.0,33.0,33577.0,61.0,159.0,1688.0,70.0,TypeOfSteel_A300,1
1611.0,1629.0,1720569.0,1720592.0,263.0,25.0,23.0,24172.0,59.0,124.0,1688.0,70.0,TypeOfSteel_A300,1
1457.0,1466.0,1928741.0,1928773.0,192.0,24.0,32.0,19002.0,,125.0,1688.0,70.0,TypeOfSteel_????,1
1065.0,1078.0,1955642.0,1955655.0,121.0,18.0,14.0,12705.0,65.0,150.0,1688.0,70.0,TypeOfSteel_A300,1
1619.0,1637.0,2051872.0,2051892.0,248.0,18.0,20.0,22134.0,53.0,124.0,1692.0,70.0,TypeOfSteel_A300,1
1449.0,1461.0,2083961.0,2083975.0,108.0,17.0,14.0,10704.0,69.0,127.0,1690.0,70.0,TypeOfSteel_A300,1
1630.0,1644.0,2115318.0,2115330.0,115.0,17.0,12.0,10115.0,67.0,116.0,1690.0,70.0,TypeOfSteel_A300,1
1588.0,1610.0,3353146.0,3353173.0,408.0,30.0,27.0,37889.0,57.0,125.0,1690.0,70.0,TypeOfSteel_A300,1
1069.0,1101.0,49572.0,49595.0,463.0,37.0,24.0,53525.0,97.0,132.0,1358.0,40.0,TypeOfSteel_A400,1
909.0,918.0,340224.0,340244.0,121.0,12.0,20.0,14047.0,97.0,134.0,1356.0,40.0,TypeOfSteel_A400,1
896.0,904.0,726664.0,726679.0,75.0,16.0,15.0,9062.0,104.0,132.0,1356.0,40.0,TypeOfSteel_A400,1
896.0,904.0,801872.0,801889.0,65.0,12.0,17.0,7974.0,113.0,135.0,1354.0,40.0,TypeOfSteel_A400,1
581.0,594.0,55732.0,55743.0,108.0,14.0,11.0,11169.0,77.0,127.0,1322.0,40.0,TypeOfSteel_A400,1
1245.0,1254.0,964339.0,964360.0,133.0,16.0,21.0,14874.0,105.0,125.0,1322.0,40.0,TypeOfSteel_A400,1
1160.0,1168.0,1225386.0,1225405.0,63.0,21.0,19.0,7273.0,107.0,126.0,1320.0,40.0,TypeOfSteel_A400,1
778.0,786.0,1281918.0,1281928.0,50.0,10.0,10.0,5867.0,105.0,132.0,1324.0,40.0,TypeOfSteel_A400,1
1157.0,1164.0,1331507.0,1331522.0,62.0,13.0,15.0,7312.0,109.0,127.0,1322.0,40.0,TypeOfSteel_A400,1
476.0,493.0,185445.0,185462.0,204.0,27.0,21.0,21661.0,98.0,116.0,1696.0,60.0,TypeOfSteel_A400,1
778.0,800.0,534067.0,534079.0,104.0,31.0,17.0,10675.0,,124.0,1368.0,80.0,TypeOfSteel_A300,1
1268.0,1285.0,571986.0,572004.0,196.0,23.0,18.0,18986.0,,118.0,1368.0,80.0,TypeOfSteel_A300,1
377.0,434.0,1171429.0,1171441.0,181.0,83.0,34.0,23075.0,113.0,151.0,1370.0,80.0,TypeOfSteel_A300,1
391.0,420.0,1312199.0,1312217.0,129.0,48.0,35.0,16308.0,112.0,150.0,1368.0,80.0,TypeOfSteel_A300,1
691.0,713.0,1446060.0,1446073.0,143.0,39.0,24.0,15000.0,93.0,119.0,1366.0,80.0,TypeOfSteel_A300,1
227.0,256.0,1593586.0,1593597.0,126.0,51.0,36.0,15951.0,112.0,148.0,1368.0,80.0,TypeOfSteel_A300,1
174.0,205.0,1775809.0,1775815.0,110.0,32.0,17.0,13904.0,111.0,149.0,1368.0,80.0,TypeOfSteel_A300,1
1069.0,1092.0,2685547.0,2685564.0,181.0,38.0,25.0,17588.0,,124.0,1362.0,80.0,TypeOfSteel_A300,1
1066.0,1088.0,2750749.0,2750765.0,122.0,31.0,23.0,11743.0,,116.0,1364.0,80.0,TypeOfSteel_A300,1
1068.0,1085.0,2783339.0,2783352.0,105.0,24.0,15.0,10605.0,,124.0,1364.0,80.0,TypeOfSteel_A300,1
1065.0,1083.0,3029617.0,3029632.0,155.0,27.0,17.0,14896.0,,126.0,1364.0,80.0,TypeOfSteel_A300,1
1177.0,1195.0,3120281.0,3120291.0,107.0,27.0,11.0,10136.0,,126.0,1364.0,80.0,TypeOfSteel_A300,1
1219.0,1234.0,3134228.0,3134249.0,118.0,32.0,21.0,12348.0,,132.0,1364.0,80.0,TypeOfSteel_A300,1
1065.0,1084.0,3160062.0,3160080.0,147.0,26.0,24.0,14121.0,,124.0,1364.0,80.0,TypeOfSteel_A300,1
1065.0,1088.0,3203535.0,3203555.0,147.0,43.0,30.0,14312.0,,124.0,1364.0,80.0,TypeOfSteel_A300,1
1065.0,1080.0,3232524.0,3232534.0,105.0,21.0,12.0,10284.0,,111.0,1362.0,80.0,TypeOfSteel_A300,1
1063.0,1083.0,3257887.0,3257901.0,102.0,27.0,15.0,9714.0,,116.0,1362.0,80.0,TypeOfSteel_A300,1
1057.0,1084.0,3373856.0,3373874.0,168.0,44.0,26.0,16835.0,,125.0,1364.0,80.0,TypeOfSteel_A300,1
1060.0,1080.0,3402848.0,3402864.0,125.0,29.0,20.0,11804.0,,108.0,1364.0,80.0,TypeOfSteel_A300,1
1061.0,1082.0,3420976.0,3420988.0,118.0,28.0,16.0,11084.0,,111.0,1366.0,80.0,TypeOfSteel_A300,1
1058.0,1084.0,3522485.0,3522508.0,196.0,38.0,27.0,19028.0,,117.0,1364.0,80.0,TypeOfSteel_A300,1
1306.0,1322.0,3632953.0,3632989.0,308.0,44.0,44.0,29612.0,,125.0,1364.0,80.0,TypeOfSteel_A300,1
309.0,342.0,3744532.0,3744552.0,274.0,46.0,29.0,31551.0,101.0,133.0,1364.0,80.0,TypeOfSteel_A300,1
1059.0,1080.0,3787187.0,3787204.0,129.0,40.0,24.0,12571.0,,124.0,1364.0,80.0,TypeOfSteel_A300,1
1087.0,1103.0,3814057.0,3814076.0,194.0,28.0,23.0,22254.0,101.0,132.0,1364.0,80.0,TypeOfSteel_A300,1
1040.0,1078.0,3967177.0,3967197.0,313.0,72.0,35.0,37460.0,106.0,135.0,1366.0,80.0,TypeOfSteel_A300,1
1041.0,1059.0,3981657.0,3981677.0,114.0,31.0,24.0,13292.0,104.0,132.0,1364.0,80.0,TypeOfSteel_A300,1
1078.0,1098.0,3996148.0,3996170.0,152.0,37.0,35.0,17532.0,100.0,132.0,1364.0,80.0,TypeOfSteel_A300,1
1043.0,1061.0,4019353.0,4019368.0,117.0,23.0,17.0,11880.0,,118.0,1362.0,80.0,TypeOfSteel_A300,1
1031.0,1056.0,4348498.0,4348516.0,146.0,44.0,28.0,16861.0,102.0,134.0,1362.0,80.0,TypeOfSteel_A300,1
1056.0,1077.0,4364066.0,4364076.0,106.0,35.0,22.0,10747.0,,116.0,1362.0,80.0,TypeOfSteel_A300,1
1116.0,1151.0,4387848.0,4387862.0,175.0,53.0,32.0,20658.0,104.0,134.0,1364.0,80.0,TypeOfSteel_A300,1
1043.0,1076.0,4399271.0,4399296.0,208.0,64.0,49.0,23267.0,96.0,133.0,1364.0,80.0,TypeOfSteel_A300,1
1097.0,1114.0,4413249.0,4413282.0,238.0,62.0,41.0,27036.0,96.0,134.0,1362.0,80.0,TypeOfSteel_A300,1
197.0,263.0,4458892.0,4458905.0,385.0,72.0,37.0,45215.0,103.0,135.0,1364.0,80.0,TypeOfSteel_A300,1
1103.0,1122.0,4474894.0,4474920.0,289.0,57.0,33.0,33682.0,99.0,134.0,1366.0,80.0,TypeOfSteel_A300,1
1067.0,1103.0,4532922.0,4532948.0,364.0,99.0,60.0,41956.0,99.0,133.0,1358.0,100.0,TypeOfSteel_A300,1
659.0,686.0,4194670.0,4194684.0,169.0,47.0,27.0,20262.0,107.0,135.0,1356.0,100.0,TypeOfSteel_A300,1
981.0,992.0,467888.0,467902.0,102.0,16.0,14.0,12417.0,115.0,132.0,1356.0,40.0,TypeOfSteel_A400,1
1120.0,1145.0,2530763.0,2530797.0,574.0,35.0,35.0,64288.0,,126.0,1358.0,40.0,TypeOfSteel_A400,1
550.0,567.0,4625112.0,4625136.0,194.0,26.0,24.0,21649.0,99.0,126.0,1360.0,40.0,TypeOfSteel_A400,1
634.0,655.0,5303273.0,5303295.0,336.0,30.0,25.0,35912.0,,127.0,1362.0,40.0,TypeOfSteel_A400,1
1085.0,1098.0,5464636.0,5464649.0,129.0,15.0,13.0,15121.0,101.0,134.0,1362.0,40.0,TypeOfSteel_A400,1
1134.0,1145.0,5798193.0,5798213.0,143.0,20.0,21.0,16538.0,104.0,134.0,1362.0,40.0,TypeOfSteel_A400,1
576.0,588.0,5916473.0,5916489.0,141.0,15.0,16.0,15515.0,99.0,126.0,1360.0,40.0,TypeOfSteel_A400,1
1152.0,1167.0,6571361.0,6571375.0,133.0,19.0,14.0,15524.0,107.0,127.0,1362.0,40.0,TypeOfSteel_A400,1
609.0,621.0,6791894.0,6791907.0,101.0,16.0,13.0,11579.0,101.0,127.0,1362.0,40.0,TypeOfSteel_A400,1
701.0,717.0,7156447.0,7156460.0,147.0,20.0,13.0,16975.0,104.0,132.0,1360.0,40.0,TypeOfSteel_A400,1
345.0,360.0,7203465.0,7203481.0,163.0,21.0,16.0,18644.0,99.0,127.0,1360.0,40.0,TypeOfSteel_A400,1
651.0,666.0,11150448.0,11150470.0,238.0,23.0,22.0,25516.0,,127.0,1364.0,40.0,TypeOfSteel_A400,1
889.0,921.0,12438460.0,12438491.0,699.0,38.0,32.0,79690.0,,132.0,1360.0,40.0,TypeOfSteel_A400,1
1094.0,1124.0,12806495.0,12806520.0,571.0,37.0,25.0,58587.0,63.0,127.0,1362.0,40.0,TypeOfSteel_A400,1
6.0,15.0,966898.0,966930.0,176.0,25.0,32.0,21321.0,104.0,141.0,1358.0,70.0,TypeOfSteel_A300,1
14.0,24.0,1346926.0,1346954.0,142.0,23.0,28.0,18238.0,100.0,151.0,1358.0,70.0,TypeOfSteel_A300,1
1122.0,1134.0,313348.0,313360.0,119.0,16.0,12.0,10350.0,56.0,111.0,1362.0,80.0,TypeOfSteel_A300,1
1321.0,1332.0,1554743.0,1554761.0,123.0,20.0,19.0,11278.0,,108.0,1362.0,80.0,TypeOfSteel_A300,1
1161.0,1170.0,2520749.0,2520772.0,162.0,14.0,23.0,14626.0,73.0,124.0,1360.0,80.0,TypeOfSteel_A300,1
597.0,614.0,3674102.0,3674130.0,349.0,27.0,28.0,30422.0,50.0,124.0,1362.0,200.0,TypeOfSteel_A300,1
154.0,166.0,3755477.0,3755492.0,122.0,13.0,15.0,10893.0,65.0,111.0,1364.0,200.0,TypeOfSteel_A300,1
133.0,149.0,3778014.0,3778041.0,231.0,25.0,27.0,21300.0,67.0,124.0,1364.0,200.0,TypeOfSteel_A300,1
68.0,80.0,3859251.0,3859266.0,143.0,15.0,15.0,12193.0,56.0,126.0,1364.0,200.0,TypeOfSteel_A300,1
221.0,242.0,3948212.0,3948253.0,519.0,33.0,41.0,48309.0,65.0,124.0,1360.0,200.0,TypeOfSteel_A300,1
1111.0,1121.0,4032298.0,4032320.0,110.0,20.0,22.0,12351.0,100.0,127.0,1354.0,200.0,TypeOfSteel_A300,1
995.0,1006.0,4085316.0,4085344.0,140.0,25.0,28.0,16076.0,103.0,132.0,1356.0,200.0,TypeOfSteel_A300,1
396.0,418.0,4116853.0,4116868.0,231.0,26.0,16.0,25096.0,56.0,141.0,1356.0,200.0,TypeOfSteel_A300,1
604.0,646.0,4441757.0,4441811.0,1035.0,67.0,55.0,97966.0,46.0,125.0,1356.0,200.0,TypeOfSteel_A300,1
1108.0,1120.0,2497122.0,2497138.0,137.0,13.0,16.0,15672.0,,133.0,1373.0,40.0,TypeOfSteel_A400,0
333.0,342.0,764107.0,764213.0,525.0,16.0,106.0,57020.0,95.0,127.0,1353.0,70.0,TypeOfSteel_A400,0
1269.0,1296.0,374730.0,374925.0,2463.0,188.0,212.0,296673.0,42.0,143.0,1353.0,70.0,TypeOfSteel_A400,0
1109.0,1144.0,401768.0,401951.0,4298.0,188.0,189.0,515942.0,6.0,148.0,1353.0,70.0,TypeOfSteel_A400,0
1293.0,1316.0,600561.0,600841.0,2643.0,170.0,285.0,271889.0,44.0,125.0,1353.0,70.0,TypeOfSteel_A400,0
1252.0,1264.0,1229599.0,1229628.0,269.0,22.0,29.0,26745.0,71.0,125.0,1353.0,70.0,TypeOfSteel_A400,0
317.0,322.0,166852.0,166856.0,15.0,5.0,4.0,1826.0,110.0,135.0,1694.0,143.0,TypeOfSteel_A300,0
39.0,208.0,2410802.0,2410860.0,5632.0,286.0,141.0,591111.0,45.0,125.0,1356.0,40.0,TypeOfSteel_A400,0
41.0,212.0,2609514.0,2609580.0,5951.0,302.0,136.0,617708.0,38.0,124.0,1356.0,40.0,TypeOfSteel_A400,0
1611.0,1619.0,1671950.0,1671963.0,69.0,10.0,14.0,5361.0,63.0,93.0,1656.0,80.0,TypeOfSteel_A300,0
1616.0,1625.0,1725137.0,1725163.0,138.0,23.0,26.0,8720.0,48.0,84.0,1656.0,80.0,TypeOfSteel_A300,0
1613.0,1622.0,1752541.0,1752560.0,116.0,17.0,19.0,9105.0,65.0,94.0,1658.0,80.0,TypeOfSteel_A300,0
1603.0,1613.0,1995544.0,1995586.0,308.0,25.0,42.0,22991.0,55.0,94.0,1656.0,80.0,TypeOfSteel_A300,0
1576.0,1587.0,2063540.0,2063558.0,116.0,17.0,18.0,9110.0,64.0,94.0,1658.0,80.0,TypeOfSteel_A300,0
662.0,670.0,266284.0,266316.0,152.0,25.0,32.0,17101.0,101.0,125.0,1630.0,120.0,TypeOfSteel_A400,0
1053.0,1064.0,701399.0,701451.0,352.0,41.0,53.0,39648.0,,141.0,1360.0,175.0,TypeOfSteel_A400,0
550.0,558.0,1154994.0,1155025.0,190.0,22.0,31.0,21326.0,95.0,133.0,1362.0,175.0,TypeOfSteel_A400,0
775.0,783.0,1370789.0,1370812.0,111.0,16.0,23.0,13374.0,110.0,134.0,1358.0,40.0,TypeOfSteel_A400,0
100.0,116.0,1002562.0,1002587.0,211.0,26.0,28.0,23894.0,102.0,134.0,1374.0,40.0,TypeOfSteel_A400,0
76.0,111.0,1012529.0,1012905.0,6652.0,359.0,392.0,716869.0,4.0,140.0,1374.0,40.0,TypeOfSteel_A400,0
0.0,13.0,159043.0,159085.0,253.0,36.0,46.0,35308.0,127.0,151.0,1687.0,200.0,TypeOfSteel_A400,0
1.0,18.0,117422.0,117551.0,1125.0,63.0,131.0,140521.0,101.0,151.0,1687.0,200.0,TypeOfSteel_A400,0
2.0,11.0,130760.0,130780.0,110.0,12.0,20.0,10340.0,71.0,116.0,1687.0,200.0,TypeOfSteel_A400,0
9.0,18.0,143523.0,143544.0,125.0,14.0,21.0,13987.0,97.0,141.0,1687.0,200.0,TypeOfSteel_A400,0
14.0,24.0,149048.0,149070.0,150.0,12.0,22.0,17566.0,99.0,140.0,1687.0,200.0,TypeOfSteel_A400,0
6.0,17.0,363701.0,363718.0,140.0,11.0,17.0,14533.0,76.0,125.0,1687.0,200.0,TypeOfSteel_A400,0
7.0,19.0,375592.0,375611.0,199.0,12.0,19.0,20323.0,74.0,127.0,1687.0,200.0,TypeOfSteel_A400,0
9.0,18.0,379740.0,379759.0,110.0,11.0,19.0,12881.0,99.0,133.0,1687.0,200.0,TypeOfSteel_A400,0
6.0,14.0,393457.0,393488.0,196.0,11.0,31.0,22532.0,97.0,134.0,1687.0,200.0,TypeOfSteel_A400,0
6.0,17.0,402394.0,402418.0,145.0,13.0,24.0,17419.0,111.0,135.0,1687.0,200.0,TypeOfSteel_A400,0
4.0,13.0,409986.0,410023.0,213.0,17.0,37.0,24476.0,96.0,134.0,1687.0,200.0,TypeOfSteel_A400,0
2.0,10.0,421204.0,421233.0,161.0,13.0,29.0,18711.0,103.0,133.0,1687.0,200.0,TypeOfSteel_A400,0
0.0,12.0,430948.0,430980.0,304.0,18.0,32.0,34142.0,,133.0,1687.0,200.0,TypeOfSteel_A400,0
0.0,11.0,444148.0,444169.0,161.0,12.0,21.0,18047.0,96.0,133.0,1687.0,200.0,TypeOfSteel_A400,0
2.0,8.0,448681.0,448720.0,137.0,18.0,39.0,18013.0,121.0,143.0,1687.0,200.0,TypeOfSteel_A400,0
0.0,8.0,464503.0,464538.0,189.0,18.0,35.0,21380.0,99.0,127.0,1687.0,200.0,TypeOfSteel_A400,0
28.0,36.0,3213793.0,3213815.0,124.0,16.0,22.0,14618.0,97.0,141.0,1658.0,100.0,TypeOfSteel_A300,0
25.0,33.0,3277804.0,3277821.0,91.0,15.0,17.0,10957.0,105.0,141.0,1658.0,100.0,TypeOfSteel_????,0
1343.0,1351.0,46714.0,46725.0,56.0,11.0,11.0,5729.0,,117.0,1362.0,70.0,TypeOfSteel_????,0
0.0,4.0,224005.0,224035.0,83.0,18.0,31.0,7446.0,71.0,108.0,1360.0,70.0,TypeOfSteel_????,0
2.0,10.0,1798872.0,1798895.0,131.0,16.0,23.0,12909.0,,117.0,1698.0,90.0,TypeOfSteel_A400,0
1273.0,1283.0,167280.0,167335.0,313.0,33.0,58.0,29386.0,,103.0,1353.0,185.0,TypeOfSteel_A400,0
25.0,34.0,281358.0,281513.0,891.0,36.0,155.0,76438.0,70.0,103.0,1353.0,185.0,TypeOfSteel_A400,0
1206.0,1214.0,308931.0,308956.0,134.0,12.0,25.0,14838.0,100.0,119.0,1353.0,185.0,TypeOfSteel_A400,0
71.0,79.0,471955.0,472005.0,230.0,22.0,50.0,23697.0,93.0,118.0,1353.0,185.0,TypeOfSteel_A400,0
1144.0,1158.0,113260.0,113277.0,120.0,26.0,17.0,15146.0,117.0,140.0,1372.0,40.0,TypeOfSteel_A400,0
804.0,817.0,151240.0,151265.0,133.0,32.0,25.0,16759.0,114.0,134.0,1372.0,40.0,TypeOfSteel_A400,0
798.0,808.0,225718.0,225742.0,170.0,23.0,24.0,21545.0,118.0,141.0,1370.0,40.0,TypeOfSteel_A400,0
1090.0,1103.0,255155.0,255186.0,168.0,37.0,33.0,21640.0,119.0,143.0,1374.0,40.0,TypeOfSteel_A400,0
806.0,828.0,300303.0,300316.0,125.0,35.0,18.0,16258.0,118.0,140.0,1372.0,40.0,TypeOfSteel_A400,0
963.0,974.0,657468.0,657502.0,201.0,38.0,35.0,26197.0,123.0,141.0,1372.0,40.0,TypeOfSteel_A400,0
387.0,396.0,695980.0,696006.0,169.0,25.0,26.0,17587.0,96.0,118.0,1372.0,40.0,TypeOfSteel_A400,0
973.0,989.0,707576.0,707600.0,150.0,47.0,28.0,19311.0,120.0,141.0,1374.0,40.0,TypeOfSteel_A400,0
1020.0,1034.0,720705.0,720720.0,103.0,24.0,17.0,13577.0,125.0,142.0,1372.0,40.0,TypeOfSteel_A400,0
317.0,335.0,732308.0,732327.0,146.0,36.0,29.0,18123.0,114.0,133.0,1372.0,40.0,TypeOfSteel_A400,0
1021.0,1036.0,754445.0,754492.0,294.0,51.0,49.0,39987.0,127.0,157.0,1372.0,40.0,TypeOfSteel_A400,0
401.0,415.0,762911.0,762937.0,198.0,42.0,34.0,24783.0,118.0,134.0,1372.0,40.0,TypeOfSteel_A400,0
1082.0,1095.0,825488.0,825519.0,192.0,34.0,32.0,24530.0,120.0,140.0,1374.0,40.0,TypeOfSteel_A400,0
1050.0,1071.0,856766.0,856784.0,180.0,33.0,23.0,22591.0,119.0,135.0,1376.0,40.0,TypeOfSteel_A400,0
979.0,989.0,891060.0,891079.0,107.0,18.0,19.0,12543.0,110.0,132.0,1372.0,40.0,TypeOfSteel_A400,0
346.0,357.0,900068.0,900098.0,182.0,29.0,30.0,22232.0,115.0,133.0,1370.0,40.0,TypeOfSteel_A400,0
357.0,373.0,929482.0,929513.0,213.0,42.0,39.0,20512.0,,118.0,1374.0,40.0,TypeOfSteel_A400,0
373.0,386.0,1058240.0,1058279.0,308.0,29.0,39.0,37264.0,113.0,132.0,1374.0,40.0,TypeOfSteel_A400,0
365.0,374.0,1084192.0,1084238.0,265.0,39.0,46.0,26849.0,,119.0,1372.0,40.0,TypeOfSteel_A400,0
357.0,378.0,1090984.0,1091013.0,229.0,53.0,37.0,27597.0,111.0,134.0,1372.0,40.0,TypeOfSteel_A400,0
349.0,362.0,1115618.0,1115654.0,270.0,34.0,38.0,28445.0,96.0,126.0,1372.0,40.0,TypeOfSteel_A400,0
347.0,364.0,1124976.0,1125024.0,390.0,51.0,50.0,46226.0,110.0,127.0,1372.0,40.0,TypeOfSteel_A400,0
277.0,292.0,1151809.0,1151838.0,217.0,32.0,32.0,25231.0,107.0,126.0,1376.0,40.0,TypeOfSteel_A400,0
827.0,834.0,1930709.0,1930720.0,56.0,11.0,11.0,6337.0,97.0,132.0,1356.0,40.0,TypeOfSteel_A400,0
1057.0,1069.0,114430.0,114444.0,114.0,21.0,14.0,12693.0,,140.0,1362.0,185.0,TypeOfSteel_A400,0
1181.0,1191.0,210828.0,210843.0,99.0,15.0,15.0,10868.0,,140.0,1360.0,175.0,TypeOfSteel_A400,0
1302.0,1314.0,165248.0,165281.0,244.0,24.0,33.0,23009.0,66.0,124.0,1358.0,175.0,TypeOfSteel_A400,0
1281.0,1289.0,212793.0,212803.0,56.0,9.0,10.0,5712.0,,117.0,1366.0,100.0,TypeOfSteel_A400,0
264.0,280.0,1230964.0,1230988.0,303.0,20.0,24.0,29885.0,54.0,133.0,1696.0,60.0,TypeOfSteel_A400,0
136.0,151.0,1294504.0,1294539.0,308.0,30.0,35.0,31689.0,,124.0,1698.0,60.0,TypeOfSteel_A400,0
272.0,284.0,226474.0,226495.0,187.0,20.0,21.0,13351.0,49.0,101.0,1362.0,200.0,TypeOfSteel_????,0
235.0,398.0,739072.0,739080.0,872.0,165.0,53.0,95600.0,103.0,119.0,1387.0,40.0,TypeOfSteel_A400,0
525.0,563.0,1054602.0,1054610.0,170.0,44.0,15.0,21321.0,118.0,134.0,1687.0,200.0,TypeOfSteel_A400,0
916.0,1142.0,810184.0,810291.0,1753.0,249.0,132.0,202897.0,101.0,135.0,1358.0,40.0,TypeOfSteel_A400,0
1063.0,1072.0,1915213.0,1915220.0,49.0,9.0,7.0,6391.0,118.0,141.0,1358.0,50.0,TypeOfSteel_A400,0
77.0,114.0,1259448.0,1259470.0,383.0,81.0,59.0,39202.0,96.0,111.0,1376.0,40.0,TypeOfSteel_A400,0
545.0,583.0,425925.0,425936.0,162.0,46.0,27.0,17260.0,99.0,126.0,1360.0,40.0,TypeOfSteel_A400,0
449.0,588.0,1019477.0,1019497.0,1107.0,155.0,85.0,128883.0,107.0,126.0,1353.0,70.0,TypeOfSteel_A400,0
781.0,801.0,1045940.0,1045960.0,178.0,60.0,39.0,22761.0,120.0,135.0,1353.0,70.0,TypeOfSteel_A400,0
48.0,116.0,548048.0,548050.0,131.0,68.0,3.0,16504.0,54.0,190.0,1227.0,40.0,TypeOfSteel_A400,0
768.0,918.0,370947.0,370955.0,660.0,153.0,61.0,89110.0,113.0,156.0,1360.0,80.0,TypeOfSteel_A300,0
505.0,522.0,1998060.0,1998064.0,29.0,18.0,6.0,3489.0,116.0,126.0,1358.0,50.0,TypeOfSteel_A400,0
301.0,340.0,903475.0,903521.0,1228.0,69.0,64.0,124716.0,55.0,126.0,1666.0,40.0,TypeOfSteel_A400,0
642.0,744.0,942520.0,942532.0,536.0,118.0,52.0,61209.0,106.0,127.0,1670.0,40.0,TypeOfSteel_A400,0
517.0,626.0,982032.0,982049.0,955.0,136.0,80.0,104555.0,99.0,119.0,1666.0,40.0,TypeOfSteel_A400,0
1033.0,1050.0,181432.0,181441.0,75.0,28.0,15.0,10500.0,134.0,149.0,1664.0,40.0,TypeOfSteel_A400,0
796.0,822.0,2182560.0,2182564.0,68.0,26.0,11.0,6013.0,,101.0,1370.0,80.0,TypeOfSteel_A300,0
1037.0,1055.0,2195695.0,2195707.0,78.0,29.0,18.0,9512.0,111.0,135.0,1370.0,80.0,TypeOfSteel_A300,0
1019.0,1035.0,2224815.0,2224820.0,49.0,17.0,5.0,5842.0,108.0,140.0,1366.0,80.0,TypeOfSteel_A300,0
1105.0,1130.0,2240686.0,2240690.0,57.0,25.0,8.0,5917.0,,117.0,1364.0,80.0,TypeOfSteel_A300,0
1137.0,1154.0,2265683.0,2265692.0,77.0,25.0,16.0,8170.0,95.0,119.0,1356.0,80.0,TypeOfSteel_A300,0
344.0,353.0,2278012.0,2278020.0,46.0,10.0,8.0,5003.0,95.0,127.0,1354.0,80.0,TypeOfSteel_????,0
1098.0,1115.0,2293200.0,2293208.0,59.0,21.0,8.0,6318.0,97.0,118.0,1360.0,80.0,TypeOfSteel_A300,0
445.0,790.0,4569159.0,4569177.0,4307.0,361.0,123.0,361568.0,64.0,118.0,1360.0,100.0,TypeOfSteel_A300,0
360.0,998.0,4601186.0,4601217.0,11797.0,705.0,225.0,1290423.0,,252.0,1358.0,100.0,TypeOfSteel_A300,0
398.0,966.0,4615178.0,4615208.0,10166.0,593.0,166.0,1096472.0,,141.0,1360.0,100.0,TypeOfSteel_A300,0
1163.0,1205.0,4639384.0,4639402.0,359.0,79.0,49.0,50750.0,130.0,158.0,1360.0,100.0,TypeOfSteel_A300,0
452.0,922.0,4652868.0,4652894.0,6670.0,501.0,171.0,724380.0,,134.0,1356.0,100.0,TypeOfSteel_A300,0
779.0,923.0,4662945.0,4662964.0,981.0,187.0,105.0,111196.0,97.0,134.0,1360.0,100.0,TypeOfSteel_A300,0
719.0,927.0,4689395.0,4689414.0,1535.0,239.0,120.0,173468.0,97.0,132.0,1358.0,100.0,TypeOfSteel_A300,0
59.0,1245.0,4712084.0,4712115.0,15775.0,1275.0,276.0,1689009.0,61.0,135.0,1354.0,100.0,TypeOfSteel_A300,0
435.0,729.0,4737382.0,4737394.0,1851.0,304.0,87.0,201109.0,,132.0,1352.0,100.0,TypeOfSteel_A300,0
306.0,363.0,2184746.0,2184752.0,194.0,58.0,10.0,22315.0,105.0,134.0,1356.0,40.0,TypeOfSteel_A400,0
355.0,461.0,2203324.0,2203335.0,527.0,118.0,44.0,62384.0,110.0,134.0,1358.0,40.0,TypeOfSteel_A400,0
449.0,549.0,2212600.0,2212608.0,368.0,110.0,35.0,43968.0,111.0,133.0,1356.0,40.0,TypeOfSteel_A400,0
525.0,565.0,2235737.0,2235743.0,130.0,44.0,17.0,15364.0,109.0,127.0,1362.0,40.0,TypeOfSteel_A400,0
395.0,443.0,2258772.0,2258779.0,226.0,50.0,18.0,25843.0,106.0,126.0,1360.0,40.0,TypeOfSteel_A400,0
211.0,615.0,2277118.0,2277134.0,3256.0,417.0,106.0,345545.0,,127.0,1356.0,40.0,TypeOfSteel_A400,0
281.0,339.0,2295428.0,2295433.0,122.0,58.0,13.0,14877.0,116.0,134.0,1356.0,40.0,TypeOfSteel_A400,0
950.0,977.0,2304542.0,2304550.0,119.0,30.0,12.0,14029.0,110.0,127.0,1356.0,40.0,TypeOfSteel_A400,0
1090.0,1129.0,2312033.0,2312039.0,111.0,45.0,19.0,12886.0,109.0,126.0,1358.0,40.0,TypeOfSteel_A400,0
795.0,802.0,96606.0,96620.0,55.0,10.0,14.0,11560.0,203.0,220.0,1387.0,40.0,TypeOfSteel_A400,0
902.0,936.0,31494.0,31567.0,1111.0,62.0,74.0,96340.0,50.0,108.0,1627.0,40.0,TypeOfSteel_A400,0
1031.0,1058.0,68050.0,68092.0,665.0,41.0,42.0,63000.0,35.0,116.0,1627.0,40.0,TypeOfSteel_A400,0
1073.0,1094.0,96615.0,96658.0,512.0,55.0,49.0,68556.0,127.0,141.0,1627.0,40.0,TypeOfSteel_A400,0
753.0,820.0,141196.0,141297.0,2243.0,241.0,195.0,297086.0,122.0,142.0,1627.0,40.0,TypeOfSteel_A400,0
803.0,825.0,107491.0,107508.0,181.0,27.0,20.0,17363.0,,109.0,1354.0,40.0,TypeOfSteel_A400,0
1122.0,1139.0,2650780.0,2650795.0,144.0,20.0,16.0,14169.0,,116.0,1646.0,80.0,TypeOfSteel_A300,0
1170.0,1182.0,61060.0,61074.0,126.0,12.0,14.0,14727.0,103.0,127.0,1353.0,185.0,TypeOfSteel_A400,0
1094.0,1108.0,75122.0,75139.0,197.0,14.0,17.0,22098.0,,132.0,1353.0,185.0,TypeOfSteel_A400,0
610.0,625.0,529042.0,529057.0,172.0,15.0,16.0,19997.0,101.0,127.0,1387.0,40.0,TypeOfSteel_A400,0
662.0,670.0,781434.0,781444.0,66.0,10.0,10.0,7181.0,,123.0,1687.0,80.0,TypeOfSteel_A300,0
1550.0,1561.0,838654.0,838663.0,68.0,13.0,9.0,6216.0,,103.0,1687.0,80.0,TypeOfSteel_A300,0
1043.0,1053.0,1082240.0,1082248.0,64.0,12.0,8.0,7296.0,97.0,132.0,1687.0,80.0,TypeOfSteel_A300,0
1068.0,1077.0,188817.0,188826.0,60.0,12.0,11.0,6735.0,99.0,127.0,1687.0,70.0,TypeOfSteel_A300,0
1080.0,1088.0,2136974.0,2136983.0,48.0,8.0,9.0,5418.0,98.0,132.0,1687.0,70.0,TypeOfSteel_A300,0
793.0,801.0,2533145.0,2533151.0,31.0,9.0,6.0,3476.0,99.0,121.0,1687.0,70.0,TypeOfSteel_A300,0
1027.0,1036.0,2835787.0,2835797.0,69.0,11.0,10.0,7446.0,,127.0,1687.0,70.0,TypeOfSteel_A300,0
1129.0,1140.0,335177.0,335188.0,87.0,18.0,11.0,9260.0,,127.0,1687.0,100.0,TypeOfSteel_A300,0
1049.0,1059.0,764081.0,764092.0,70.0,12.0,11.0,7279.0,,125.0,1687.0,100.0,TypeOfSteel_A300,0
299.0,307.0,853625.0,853638.0,85.0,12.0,13.0,10892.0,115.0,140.0,1687.0,100.0,TypeOfSteel_A300,0
159.0,168.0,953888.0,953896.0,54.0,9.0,8.0,6942.0,116.0,143.0,1687.0,100.0,TypeOfSteel_A300,0
905.0,916.0,1046618.0,1046624.0,41.0,12.0,7.0,4162.0,,117.0,1687.0,100.0,TypeOfSteel_A300,0
1605.0,1616.0,1116225.0,1116232.0,57.0,11.0,7.0,5464.0,,108.0,1687.0,100.0,TypeOfSteel_A300,0
345.0,356.0,822292.0,822313.0,170.0,21.0,21.0,18503.0,,127.0,1353.0,50.0,TypeOfSteel_A300,0
1173.0,1188.0,1072387.0,1072413.0,258.0,20.0,26.0,26729.0,77.0,122.0,1353.0,50.0,TypeOfSteel_A300,0
779.0,796.0,1198171.0,1198188.0,198.0,21.0,18.0,18327.0,54.0,118.0,1353.0,50.0,TypeOfSteel_A400,0
1029.0,1042.0,639361.0,639376.0,128.0,18.0,15.0,17802.0,132.0,150.0,1364.0,70.0,TypeOfSteel_A300,0
989.0,1000.0,800963.0,800972.0,68.0,13.0,10.0,7457.0,,125.0,1364.0,70.0,TypeOfSteel_A300,0
1170.0,1184.0,1038876.0,1038891.0,113.0,27.0,18.0,14982.0,125.0,142.0,1362.0,70.0,TypeOfSteel_A300,0
754.0,770.0,1066700.0,1066722.0,212.0,20.0,22.0,21031.0,77.0,118.0,1362.0,70.0,TypeOfSteel_A300,0
457.0,465.0,1087496.0,1087506.0,60.0,9.0,10.0,6750.0,92.0,134.0,1364.0,70.0,TypeOfSteel_A300,0
760.0,772.0,1147869.0,1147880.0,99.0,18.0,11.0,9347.0,61.0,119.0,1362.0,70.0,TypeOfSteel_A300,0
512.0,524.0,1261077.0,1261088.0,74.0,15.0,11.0,8292.0,93.0,132.0,1364.0,70.0,TypeOfSteel_A300,0
338.0,348.0,2032058.0,2032067.0,57.0,11.0,9.0,6135.0,,127.0,1364.0,70.0,TypeOfSteel_A300,0
811.0,823.0,3096621.0,3096632.0,86.0,15.0,11.0,9203.0,,124.0,1356.0,70.0,TypeOfSteel_A300,0
1151.0,1163.0,6042280.0,6042292.0,110.0,14.0,12.0,11674.0,73.0,133.0,1648.0,69.0,TypeOfSteel_A300,0
1159.0,1169.0,301412.0,301420.0,66.0,12.0,8.0,7164.0,,135.0,1690.0,150.0,TypeOfSteel_A300,0
328.0,335.0,322285.0,322292.0,33.0,8.0,7.0,3806.0,102.0,134.0,1688.0,150.0,TypeOfSteel_A300,0
345.0,355.0,348556.0,348568.0,92.0,16.0,12.0,9704.0,71.0,132.0,1688.0,150.0,TypeOfSteel_A300,0
1032.0,1046.0,404761.0,404774.0,111.0,24.0,17.0,14697.0,118.0,143.0,1690.0,150.0,TypeOfSteel_A300,0
1115.0,1130.0,817076.0,817090.0,140.0,21.0,14.0,13836.0,58.0,135.0,1690.0,150.0,TypeOfSteel_A300,0
501.0,526.0,1986222.0,1986247.0,476.0,38.0,25.0,45968.0,40.0,141.0,1666.0,100.0,TypeOfSteel_A300,0
1126.0,1134.0,2636449.0,2636459.0,59.0,11.0,10.0,6936.0,102.0,135.0,1656.0,100.0,TypeOfSteel_A300,0
434.0,446.0,2688956.0,2688969.0,119.0,16.0,13.0,13108.0,,132.0,1658.0,100.0,TypeOfSteel_A300,0
640.0,650.0,629605.0,629613.0,64.0,12.0,8.0,7197.0,,134.0,1656.0,80.0,TypeOfSteel_A300,0
1538.0,1549.0,789340.0,789352.0,100.0,13.0,12.0,9458.0,77.0,110.0,1652.0,80.0,TypeOfSteel_A300,0
1155.0,1166.0,476876.0,476887.0,82.0,13.0,11.0,8745.0,77.0,133.0,1696.0,100.0,TypeOfSteel_A300,0
171.0,182.0,1804039.0,1804048.0,69.0,12.0,9.0,8210.0,99.0,143.0,1688.0,100.0,TypeOfSteel_A300,0
144.0,152.0,127892.0,127903.0,68.0,10.0,11.0,8586.0,101.0,142.0,1618.0,70.0,TypeOfSteel_A300,0
1136.0,1150.0,4082892.0,4082910.0,191.0,17.0,18.0,22601.0,101.0,135.0,1666.0,40.0,TypeOfSteel_A400,0
1505.0,1525.0,4373281.0,4373312.0,456.0,32.0,31.0,49848.0,,124.0,1668.0,40.0,TypeOfSteel_A400,0
1362.0,1372.0,4443762.0,4443777.0,114.0,14.0,15.0,12808.0,102.0,124.0,1666.0,40.0,TypeOfSteel_A400,0
789.0,797.0,54896.0,54905.0,55.0,10.0,9.0,6216.0,100.0,132.0,1362.0,175.0,TypeOfSteel_A400,0
1151.0,1162.0,866291.0,866302.0,85.0,14.0,11.0,10211.0,111.0,134.0,1396.0,120.0,TypeOfSteel_A400,0
599.0,608.0,2382642.0,2382651.0,54.0,12.0,9.0,6100.0,101.0,126.0,1360.0,40.0,TypeOfSteel_A400,0
1118.0,1130.0,2673603.0,2673616.0,118.0,16.0,13.0,14120.0,103.0,253.0,1358.0,40.0,TypeOfSteel_A400,0
220.0,229.0,3094414.0,3094424.0,54.0,10.0,10.0,6091.0,104.0,124.0,1692.0,70.0,TypeOfSteel_A400,0
843.0,852.0,6712.0,6724.0,98.0,14.0,12.0,9016.0,,102.0,1356.0,40.0,TypeOfSteel_A400,0
1219.0,1231.0,701105.0,701126.0,183.0,19.0,21.0,19652.0,,126.0,1358.0,40.0,TypeOfSteel_A400,0
782.0,804.0,798878.0,798912.0,576.0,34.0,34.0,61342.0,,133.0,1362.0,40.0,TypeOfSteel_A400,0
1167.0,1192.0,294065.0,294091.0,451.0,33.0,27.0,42862.0,25.0,132.0,1354.0,40.0,TypeOfSteel_A400,0
642.0,658.0,96252.0,96269.0,194.0,17.0,17.0,21009.0,77.0,134.0,1694.0,80.0,TypeOfSteel_A300,0
279.0,290.0,119026.0,119036.0,86.0,15.0,10.0,7987.0,73.0,109.0,1694.0,60.0,TypeOfSteel_A400,0
1202.0,1216.0,289529.0,289543.0,137.0,15.0,15.0,16692.0,109.0,134.0,1692.0,60.0,TypeOfSteel_A400,0
747.0,758.0,949136.0,949144.0,71.0,14.0,8.0,7768.0,96.0,126.0,1698.0,60.0,TypeOfSteel_A400,0
485.0,493.0,1105756.0,1105768.0,75.0,11.0,12.0,8268.0,,125.0,1696.0,60.0,TypeOfSteel_A400,0
619.0,628.0,1126672.0,1126680.0,59.0,12.0,8.0,6638.0,95.0,127.0,1696.0,60.0,TypeOfSteel_A400,0
365.0,396.0,3866538.0,3866570.0,638.0,44.0,36.0,56456.0,53.0,126.0,1364.0,80.0,TypeOfSteel_A300,0
1106.0,1116.0,2371582.0,2371598.0,106.0,12.0,16.0,12311.0,107.0,125.0,1358.0,40.0,TypeOfSteel_A400,0
1123.0,1137.0,11066410.0,11066424.0,143.0,20.0,14.0,16288.0,96.0,127.0,1362.0,40.0,TypeOfSteel_A400,0
810.0,824.0,11569824.0,11569844.0,190.0,18.0,20.0,22158.0,102.0,132.0,1360.0,40.0,TypeOfSteel_A400,0
1135.0,1162.0,12416454.0,12416473.0,305.0,33.0,27.0,34579.0,,127.0,1360.0,40.0,TypeOfSteel_A400,0
385.0,399.0,4138007.0,4138019.0,125.0,17.0,13.0,14167.0,,141.0,1356.0,200.0,TypeOfSteel_A300,0
1536.0,1561.0,48398.0,48463.0,479.0,61.0,67.0,43294.0,,102.0,1692.0,300.0,TypeOfSteel_A400,0
254.0,299.0,65006.0,65100.0,1695.0,145.0,133.0,159918.0,,108.0,1692.0,300.0,TypeOfSteel_A400,0
1567.0,1580.0,72307.0,72355.0,326.0,35.0,49.0,31251.0,,109.0,1692.0,300.0,TypeOfSteel_A400,0
237.0,262.0,95111.0,95180.0,714.0,79.0,78.0,65282.0,,103.0,1692.0,300.0,TypeOfSteel_A400,0
1569.0,1585.0,116177.0,116204.0,218.0,36.0,32.0,23865.0,93.0,124.0,1692.0,300.0,TypeOfSteel_A400,0
247.0,272.0,165496.0,165553.0,744.0,72.0,65.0,73055.0,77.0,111.0,1692.0,300.0,TypeOfSteel_A400,0
1563.0,1579.0,173199.0,173219.0,174.0,30.0,27.0,20469.0,106.0,127.0,1692.0,300.0,TypeOfSteel_A400,0
244.0,261.0,184455.0,184498.0,460.0,49.0,44.0,46972.0,,111.0,1692.0,300.0,TypeOfSteel_A400,0
1579.0,1600.0,188073.0,188125.0,509.0,68.0,57.0,53843.0,49.0,124.0,1692.0,300.0,TypeOfSteel_A400,0
1568.0,1584.0,195161.0,195188.0,192.0,44.0,28.0,24070.0,112.0,140.0,1692.0,300.0,TypeOfSteel_A400,0
243.0,254.0,205684.0,205730.0,305.0,37.0,46.0,14320.0,7.0,86.0,1692.0,300.0,TypeOfSteel_A400,0
1587.0,1602.0,211409.0,211458.0,323.0,51.0,53.0,33607.0,,119.0,1692.0,300.0,TypeOfSteel_A400,0
1586.0,1598.0,214533.0,214550.0,123.0,19.0,17.0,10646.0,77.0,103.0,1692.0,300.0,TypeOfSteel_A400,0
253.0,265.0,220228.0,220253.0,200.0,30.0,25.0,18651.0,66.0,108.0,1692.0,300.0,TypeOfSteel_A400,0
256.0,280.0,225183.0,225253.0,833.0,91.0,80.0,86329.0,,117.0,1692.0,300.0,TypeOfSteel_A400,0
253.0,271.0,232415.0,232440.0,196.0,29.0,27.0,19434.0,,110.0,1692.0,300.0,TypeOfSteel_A400,0
251.0,275.0,256288.0,256329.0,430.0,73.0,59.0,49094.0,93.0,127.0,1692.0,300.0,TypeOfSteel_A400,0
246.0,262.0,267240.0,267297.0,549.0,54.0,58.0,60860.0,94.0,124.0,1692.0,300.0,TypeOfSteel_A400,0
1572.0,1610.0,337559.0,337645.0,1570.0,176.0,128.0,128770.0,29.0,111.0,1692.0,300.0,TypeOfSteel_A400,0
265.0,297.0,492514.0,492654.0,2293.0,107.0,140.0,217759.0,,116.0,1353.0,300.0,TypeOfSteel_A400,0
294.0,340.0,497209.0,497529.0,4860.0,406.0,366.0,552220.0,96.0,133.0,1353.0,300.0,TypeOfSteel_A400,0
325.0,385.0,508368.0,508656.0,6102.0,251.0,303.0,655912.0,,133.0,1353.0,300.0,TypeOfSteel_A400,0
1197.0,1210.0,61803.0,61826.0,122.0,30.0,28.0,13961.0,107.0,127.0,1394.0,120.0,TypeOfSteel_A400,0
1230.0,1244.0,86773.0,86815.0,279.0,58.0,51.0,35410.0,118.0,141.0,1396.0,120.0,TypeOfSteel_A400,0
1224.0,1248.0,133270.0,133321.0,461.0,64.0,60.0,54676.0,112.0,132.0,1396.0,120.0,TypeOfSteel_A400,0
1589.0,1601.0,3051375.0,3051391.0,87.0,33.0,19.0,10070.0,108.0,127.0,1690.0,70.0,TypeOfSteel_A400,0
1573.0,1591.0,3116210.0,3116226.0,99.0,35.0,20.0,10357.0,97.0,116.0,1692.0,70.0,TypeOfSteel_A400,0
1595.0,1622.0,3127441.0,3127611.0,1421.0,239.0,204.0,162939.0,104.0,127.0,1692.0,70.0,TypeOfSteel_A400,0
1580.0,1590.0,3160372.0,3160387.0,87.0,20.0,15.0,9275.0,99.0,124.0,1690.0,70.0,TypeOfSteel_A400,0
1613.0,1627.0,3225473.0,3225496.0,137.0,32.0,25.0,15359.0,103.0,126.0,1692.0,70.0,TypeOfSteel_A400,0
1271.0,1301.0,9831578.0,9831856.0,2962.0,231.0,284.0,342202.0,101.0,127.0,1362.0,40.0,TypeOfSteel_A400,0
1.0,8.0,111151.0,111213.0,318.0,12.0,62.0,21582.0,19.0,99.0,1687.0,80.0,TypeOfSteel_A300,0
1365.0,1374.0,4174907.0,4174926.0,115.0,9.0,19.0,9441.0,44.0,109.0,1387.0,50.0,TypeOfSteel_A400,0
1372.0,1378.0,4309441.0,4309470.0,101.0,7.0,29.0,7514.0,44.0,95.0,1387.0,50.0,TypeOfSteel_A400,0
0.0,13.0,235757.0,235999.0,1934.0,82.0,246.0,178741.0,11.0,127.0,1353.0,70.0,TypeOfSteel_A400,0
0.0,13.0,438867.0,438919.0,260.0,23.0,56.0,27344.0,46.0,127.0,1353.0,70.0,TypeOfSteel_A400,0
0.0,33.0,570024.0,570254.0,3325.0,117.0,257.0,326345.0,0.0,134.0,1353.0,70.0,TypeOfSteel_A400,0
0.0,12.0,645933.0,645992.0,309.0,13.0,59.0,27035.0,36.0,117.0,1353.0,70.0,TypeOfSteel_A400,0
0.0,17.0,889681.0,889721.0,247.0,46.0,61.0,31824.0,121.0,141.0,1353.0,70.0,TypeOfSteel_A400,0
1705.0,1713.0,389963.0,389978.0,102.0,9.0,15.0,8359.0,70.0,95.0,1715.0,50.0,TypeOfSteel_A400,0
51.0,64.0,661248.0,661284.0,297.0,59.0,43.0,34779.0,110.0,127.0,1353.0,70.0,TypeOfSteel_A400,0
1672.0,1712.0,116120.0,116370.0,5323.0,245.0,395.0,460547.0,19.0,120.0,1715.0,50.0,TypeOfSteel_A400,0
39.0,46.0,1135364.0,1135377.0,52.0,13.0,13.0,5448.0,,126.0,1688.0,60.0,TypeOfSteel_A300,0
2.0,15.0,2629644.0,2629668.0,200.0,23.0,24.0,18075.0,77.0,110.0,1686.0,60.0,TypeOfSteel_A300,0
1644.0,1661.0,1554711.0,1554760.0,468.0,70.0,54.0,41524.0,,101.0,1692.0,70.0,TypeOfSteel_A300,0
1641.0,1666.0,1606625.0,1606671.0,652.0,49.0,48.0,56018.0,73.0,108.0,1688.0,70.0,TypeOfSteel_A300,0
1677.0,1686.0,1846237.0,1846251.0,93.0,13.0,14.0,5606.0,42.0,84.0,1692.0,70.0,TypeOfSteel_A300,0
1381.0,1447.0,3515903.0,3516104.0,6965.0,271.0,317.0,650853.0,68.0,124.0,1686.0,70.0,TypeOfSteel_A300,0
192.0,218.0,1283513.0,1283536.0,244.0,39.0,25.0,30769.0,113.0,140.0,1652.0,69.0,TypeOfSteel_A300,0
833.0,856.0,276547.0,276554.0,80.0,24.0,12.0,9778.0,103.0,143.0,1692.0,143.0,TypeOfSteel_A300,0
507.0,521.0,835980.0,835993.0,121.0,18.0,17.0,15526.0,119.0,141.0,1360.0,180.0,TypeOfSteel_A400,0
780.0,804.0,3746641.0,3746649.0,99.0,30.0,18.0,13131.0,125.0,143.0,1378.0,40.0,TypeOfSteel_A400,0
35.0,52.0,3780021.0,3780044.0,252.0,21.0,23.0,27453.0,,127.0,1378.0,40.0,TypeOfSteel_A400,0
1015.0,1034.0,3982273.0,3982278.0,55.0,22.0,11.0,7553.0,132.0,143.0,1374.0,40.0,TypeOfSteel_A400,0
1228.0,1267.0,4015601.0,4015618.0,271.0,56.0,26.0,32459.0,112.0,134.0,1370.0,40.0,TypeOfSteel_A400,0
406.0,417.0,4025551.0,4025564.0,89.0,14.0,13.0,11759.0,125.0,143.0,1370.0,40.0,TypeOfSteel_A400,0
1291.0,1305.0,4046506.0,4046520.0,131.0,16.0,15.0,13742.0,95.0,118.0,1346.0,40.0,TypeOfSteel_A400,0
1295.0,1308.0,4061997.0,4062020.0,138.0,25.0,25.0,7331.0,21.0,79.0,1348.0,40.0,TypeOfSteel_A400,0
127.0,136.0,503783.0,503796.0,68.0,13.0,13.0,7873.0,102.0,134.0,1354.0,40.0,TypeOfSteel_A400,0
1199.0,1207.0,585934.0,585950.0,90.0,13.0,16.0,11422.0,114.0,141.0,1354.0,40.0,TypeOfSteel_A400,0
221.0,245.0,638591.0,638600.0,72.0,36.0,12.0,9217.0,120.0,140.0,1352.0,40.0,TypeOfSteel_A400,0
1251.0,1258.0,660048.0,660060.0,57.0,12.0,12.0,6994.0,114.0,140.0,1352.0,40.0,TypeOfSteel_A400,0
23.0,32.0,893638.0,893649.0,63.0,10.0,11.0,7769.0,111.0,140.0,1350.0,40.0,TypeOfSteel_A400,0
1327.0,1332.0,1432108.0,1432144.0,105.0,14.0,36.0,12615.0,111.0,135.0,1354.0,40.0,TypeOfSteel_A400,0
1323.0,1328.0,1484300.0,1484326.0,86.0,13.0,26.0,10024.0,108.0,126.0,1352.0,40.0,TypeOfSteel_A400,0
1329.0,1332.0,1508691.0,1508724.0,74.0,12.0,33.0,8995.0,112.0,132.0,1352.0,40.0,TypeOfSteel_A400,0
381.0,425.0,2601604.0,2601606.0,82.0,44.0,4.0,10361.0,58.0,188.0,1374.0,40.0,TypeOfSteel_A400,0
99.0,129.0,2634035.0,2634039.0,75.0,30.0,7.0,9556.0,104.0,149.0,1376.0,40.0,TypeOfSteel_A400,0
1392.0,1415.0,1215744.0,1215749.0,82.0,23.0,6.0,10827.0,123.0,141.0,1630.0,100.0,TypeOfSteel_A300,0
1338.0,1350.0,1313692.0,1313714.0,126.0,32.0,24.0,16734.0,125.0,143.0,1630.0,100.0,TypeOfSteel_A300,0
607.0,611.0,210504.0,210509.0,18.0,4.0,5.0,2034.0,102.0,124.0,1694.0,100.0,TypeOfSteel_A300,0
62.0,75.0,424657.0,424662.0,35.0,13.0,6.0,4606.0,125.0,143.0,1362.0,180.0,TypeOfSteel_A400,0
155.0,187.0,673270.0,673281.0,129.0,50.0,25.0,16937.0,123.0,141.0,1354.0,50.0,TypeOfSteel_A400,0
754.0,772.0,739337.0,739349.0,90.0,28.0,20.0,9057.0,,111.0,1353.0,50.0,TypeOfSteel_A300,0
552.0,597.0,1211332.0,1211367.0,824.0,100.0,61.0,93355.0,100.0,134.0,1694.0,80.0,TypeOfSteel_A300,0
526.0,676.0,1470973.0,1471038.0,1939.0,192.0,116.0,239860.0,109.0,247.0,1692.0,80.0,TypeOfSteel_A300,0
741.0,756.0,614880.0,614919.0,392.0,19.0,39.0,40498.0,77.0,127.0,1360.0,150.0,TypeOfSteel_A300,0
132.0,148.0,682028.0,682128.0,836.0,38.0,101.0,86830.0,,129.0,1360.0,150.0,TypeOfSteel_A300,0
1288.0,1302.0,1388373.0,1388398.0,159.0,25.0,29.0,18514.0,105.0,128.0,1687.0,80.0,TypeOfSteel_A300,0
214.0,226.0,238008.0,238020.0,113.0,12.0,12.0,11369.0,,115.0,1687.0,80.0,TypeOfSteel_A300,0
656.0,666.0,336137.0,336152.0,114.0,10.0,15.0,11618.0,77.0,122.0,1687.0,80.0,TypeOfSteel_A300,0
507.0,517.0,399348.0,399363.0,116.0,10.0,15.0,11910.0,75.0,123.0,1687.0,80.0,TypeOfSteel_A300,0
530.0,538.0,508200.0,508224.0,169.0,9.0,24.0,18067.0,,127.0,1687.0,80.0,TypeOfSteel_A300,0
1112.0,1133.0,808169.0,808480.0,3583.0,130.0,314.0,349860.0,65.0,122.0,1687.0,80.0,TypeOfSteel_A300,0
0.0,20.0,843312.0,843472.0,1613.0,104.0,172.0,144769.0,72.0,104.0,1687.0,80.0,TypeOfSteel_A300,0
0.0,21.0,881709.0,881856.0,1949.0,68.0,162.0,144252.0,56.0,99.0,1687.0,80.0,TypeOfSteel_A300,0
649.0,661.0,911696.0,911833.0,806.0,61.0,140.0,87496.0,,132.0,1687.0,80.0,TypeOfSteel_A300,0
0.0,9.0,950080.0,950188.0,709.0,39.0,108.0,68984.0,,110.0,1687.0,80.0,TypeOfSteel_A300,0
0.0,14.0,971696.0,971813.0,949.0,43.0,118.0,76361.0,59.0,106.0,1687.0,80.0,TypeOfSteel_A300,0
0.0,14.0,990037.0,990193.0,1183.0,80.0,162.0,91488.0,57.0,101.0,1687.0,80.0,TypeOfSteel_A300,0
0.0,14.0,1007200.0,1007319.0,996.0,45.0,120.0,78978.0,59.0,106.0,1687.0,80.0,TypeOfSteel_A300,0
0.0,14.0,1030360.0,1030463.0,754.0,55.0,106.0,61497.0,63.0,106.0,1687.0,80.0,TypeOfSteel_A300,0
0.0,14.0,1041924.0,1042036.0,862.0,37.0,113.0,69375.0,63.0,101.0,1687.0,80.0,TypeOfSteel_A300,0
1289.0,1301.0,1132484.0,1132492.0,61.0,16.0,13.0,7145.0,105.0,127.0,1687.0,80.0,TypeOfSteel_A300,0
1598.0,1607.0,2932024.0,2932064.0,169.0,34.0,43.0,17673.0,,120.0,1687.0,80.0,TypeOfSteel_A300,0
196.0,209.0,652754.0,652766.0,54.0,22.0,22.0,6470.0,110.0,129.0,1467.0,100.0,TypeOfSteel_A300,0
702.0,725.0,1715826.0,1715848.0,333.0,28.0,27.0,35740.0,,123.0,1623.0,100.0,TypeOfSteel_A300,0
844.0,868.0,71768.0,71798.0,360.0,52.0,48.0,45627.0,113.0,141.0,1687.0,200.0,TypeOfSteel_A400,0
419.0,427.0,261033.0,261064.0,185.0,15.0,31.0,20399.0,97.0,124.0,1687.0,200.0,TypeOfSteel_A400,0
721.0,732.0,5169308.0,5169335.0,226.0,12.0,27.0,24102.0,,133.0,1373.0,40.0,TypeOfSteel_A400,0
15.0,149.0,2278497.0,2278909.0,37334.0,908.0,903.0,3918209.0,19.0,134.0,1387.0,40.0,TypeOfSteel_A400,0
1269.0,1290.0,340471.0,340499.0,230.0,41.0,42.0,20570.0,,101.0,1353.0,70.0,TypeOfSteel_A400,0
1176.0,1208.0,360880.0,360936.0,1467.0,37.0,68.0,146487.0,,124.0,1353.0,70.0,TypeOfSteel_A400,0
1152.0,1178.0,371477.0,371575.0,1283.0,109.0,118.0,160146.0,110.0,136.0,1353.0,70.0,TypeOfSteel_A400,0
1299.0,1305.0,385532.0,385557.0,107.0,13.0,26.0,10888.0,96.0,111.0,1353.0,70.0,TypeOfSteel_A400,0
1331.0,1344.0,397980.0,398111.0,788.0,67.0,137.0,65200.0,61.0,96.0,1353.0,70.0,TypeOfSteel_A400,0
1064.0,1079.0,406616.0,406673.0,419.0,40.0,60.0,44609.0,97.0,119.0,1353.0,70.0,TypeOfSteel_A400,0
1258.0,1270.0,422864.0,422886.0,184.0,21.0,24.0,16987.0,,103.0,1353.0,70.0,TypeOfSteel_A400,0
1155.0,1172.0,430639.0,430674.0,260.0,34.0,42.0,27974.0,96.0,119.0,1353.0,70.0,TypeOfSteel_A400,0
1111.0,1130.0,2527319.0,2527390.0,747.0,62.0,72.0,76627.0,,127.0,1280.0,100.0,TypeOfSteel_A300,0
1495.0,1560.0,123779.0,123815.0,1002.0,97.0,64.0,99456.0,,116.0,1633.0,300.0,TypeOfSteel_A400,0
1440.0,1450.0,220121.0,220146.0,138.0,17.0,25.0,16548.0,101.0,133.0,1633.0,250.0,TypeOfSteel_A400,0
1287.0,1302.0,3204829.0,3204845.0,191.0,17.0,16.0,20590.0,67.0,133.0,1627.0,40.0,TypeOfSteel_A400,0
1117.0,1154.0,1194359.0,1194414.0,1055.0,69.0,56.0,110262.0,72.0,125.0,1687.0,80.0,TypeOfSteel_A300,0
1376.0,1384.0,3467552.0,3467567.0,64.0,14.0,15.0,6761.0,,116.0,1690.0,60.0,TypeOfSteel_A300,0
88.0,106.0,327251.0,327262.0,109.0,18.0,11.0,11746.0,100.0,119.0,1692.0,70.0,TypeOfSteel_A300,0
844.0,853.0,407114.0,407124.0,63.0,10.0,10.0,6207.0,,114.0,1690.0,70.0,TypeOfSteel_A300,0
1110.0,1118.0,2817680.0,2817695.0,77.0,11.0,15.0,8602.0,98.0,125.0,1692.0,70.0,TypeOfSteel_A300,0
787.0,798.0,2887288.0,2887307.0,137.0,21.0,19.0,15397.0,95.0,131.0,1690.0,70.0,TypeOfSteel_A300,0
974.0,985.0,3149617.0,3149629.0,101.0,15.0,12.0,10160.0,66.0,133.0,1692.0,70.0,TypeOfSteel_A300,0
1420.0,1595.0,23288.0,23316.0,2782.0,179.0,42.0,334869.0,66.0,159.0,1688.0,70.0,TypeOfSteel_A300,0
534.0,545.0,756916.0,756929.0,78.0,20.0,13.0,10621.0,129.0,148.0,1364.0,70.0,TypeOfSteel_A300,0
515.0,537.0,833989.0,833995.0,74.0,26.0,10.0,10476.0,129.0,151.0,1364.0,70.0,TypeOfSteel_A300,0
354.0,467.0,903537.0,903631.0,6019.0,211.0,119.0,541426.0,16.0,125.0,1364.0,70.0,TypeOfSteel_A300,0
43.0,55.0,1230580.0,1230589.0,83.0,14.0,10.0,9452.0,101.0,127.0,1650.0,70.0,TypeOfSteel_A300,0
877.0,888.0,1252347.0,1252357.0,72.0,13.0,10.0,8537.0,97.0,133.0,1650.0,70.0,TypeOfSteel_A300,0
474.0,486.0,1352048.0,1352060.0,73.0,14.0,12.0,7241.0,,118.0,1652.0,70.0,TypeOfSteel_A300,0
1101.0,1116.0,1378026.0,1378057.0,278.0,32.0,33.0,23817.0,68.0,103.0,1654.0,70.0,TypeOfSteel_A300,0
1563.0,1587.0,1398598.0,1398603.0,80.0,25.0,11.0,8595.0,97.0,117.0,1652.0,70.0,TypeOfSteel_A300,0
300.0,312.0,1430061.0,1430075.0,83.0,15.0,14.0,9956.0,101.0,134.0,1652.0,70.0,TypeOfSteel_A300,0
102.0,119.0,1446788.0,1446835.0,409.0,65.0,53.0,47513.0,103.0,132.0,1654.0,70.0,TypeOfSteel_A300,0
138.0,151.0,1733458.0,1733471.0,102.0,15.0,13.0,10855.0,95.0,118.0,1650.0,70.0,TypeOfSteel_A300,0
588.0,596.0,1751958.0,1751967.0,55.0,10.0,9.0,6243.0,96.0,127.0,1650.0,70.0,TypeOfSteel_A300,0
469.0,492.0,3881283.0,3881300.0,155.0,28.0,17.0,17114.0,92.0,129.0,1650.0,70.0,TypeOfSteel_A300,0
823.0,830.0,176554.0,176567.0,74.0,12.0,13.0,6557.0,76.0,102.0,1652.0,100.0,TypeOfSteel_A300,0
1317.0,1327.0,222011.0,222032.0,145.0,16.0,21.0,13334.0,67.0,118.0,1650.0,100.0,TypeOfSteel_A300,0
1067.0,1077.0,450677.0,450688.0,82.0,14.0,11.0,8485.0,,116.0,1712.0,100.0,TypeOfSteel_A300,0
1386.0,1401.0,1299250.0,1299257.0,53.0,20.0,12.0,6554.0,113.0,141.0,1710.0,100.0,TypeOfSteel_A300,0
1162.0,1174.0,1895154.0,1895167.0,71.0,21.0,15.0,9944.0,131.0,151.0,1364.0,120.0,TypeOfSteel_A300,0
971.0,980.0,659476.0,659488.0,78.0,13.0,12.0,8448.0,,129.0,1652.0,80.0,TypeOfSteel_A300,0
1568.0,1578.0,698409.0,698420.0,89.0,12.0,11.0,8193.0,,103.0,1652.0,80.0,TypeOfSteel_A300,0
762.0,774.0,1519328.0,1519344.0,149.0,16.0,16.0,16217.0,95.0,125.0,1656.0,80.0,TypeOfSteel_A300,0
21.0,74.0,5367324.0,5367377.0,784.0,66.0,54.0,82565.0,67.0,133.0,1648.0,80.0,TypeOfSteel_A300,0
331.0,347.0,2077064.0,2077074.0,88.0,17.0,11.0,10515.0,111.0,132.0,1692.0,70.0,TypeOfSteel_A300,0
462.0,472.0,10369596.0,10369620.0,150.0,17.0,24.0,17768.0,105.0,132.0,1360.0,40.0,TypeOfSteel_A400,0
788.0,800.0,10409376.0,10409388.0,110.0,13.0,12.0,12304.0,100.0,124.0,1360.0,40.0,TypeOfSteel_A400,0
472.0,478.0,10440356.0,10440367.0,42.0,10.0,12.0,4998.0,112.0,125.0,1360.0,40.0,TypeOfSteel_A400,0
853.0,861.0,10555505.0,10555515.0,66.0,8.0,10.0,7605.0,97.0,134.0,1360.0,40.0,TypeOfSteel_A400,0
860.0,866.0,10624922.0,10624934.0,49.0,9.0,13.0,5907.0,115.0,132.0,1360.0,40.0,TypeOfSteel_A400,0
727.0,739.0,587412.0,587452.0,289.0,35.0,40.0,30229.0,75.0,124.0,1374.0,40.0,TypeOfSteel_A400,0
995.0,1002.0,66318.0,66328.0,45.0,8.0,10.0,4552.0,93.0,118.0,1358.0,130.0,TypeOfSteel_A400,0
419.0,424.0,91039.0,91046.0,25.0,7.0,7.0,2576.0,99.0,110.0,1360.0,130.0,TypeOfSteel_A400,0
408.0,416.0,945792.0,945807.0,81.0,11.0,15.0,9462.0,107.0,125.0,1360.0,130.0,TypeOfSteel_A400,0
329.0,336.0,1319063.0,1319076.0,68.0,11.0,13.0,7451.0,97.0,124.0,1360.0,130.0,TypeOfSteel_A400,0
453.0,471.0,1395724.0,1395753.0,366.0,34.0,29.0,37407.0,,132.0,1360.0,130.0,TypeOfSteel_A400,0
1223.0,1235.0,456228.0,456249.0,193.0,19.0,21.0,19028.0,66.0,125.0,1360.0,40.0,TypeOfSteel_A400,0
438.0,455.0,627768.0,627803.0,415.0,29.0,37.0,45783.0,,127.0,1360.0,40.0,TypeOfSteel_A400,0
1075.0,1084.0,385913.0,385922.0,54.0,12.0,10.0,6634.0,114.0,133.0,1366.0,185.0,TypeOfSteel_A400,0
1073.0,1078.0,372724.0,372744.0,73.0,15.0,20.0,8836.0,110.0,134.0,1356.0,175.0,TypeOfSteel_A400,0
890.0,944.0,2008592.0,2008620.0,345.0,86.0,56.0,45673.0,123.0,143.0,1694.0,70.0,TypeOfSteel_A400,0
893.0,907.0,3264755.0,3264786.0,263.0,31.0,31.0,28320.0,,126.0,1690.0,70.0,TypeOfSteel_A400,0
899.0,907.0,3283148.0,3283163.0,68.0,12.0,15.0,7836.0,107.0,127.0,1692.0,70.0,TypeOfSteel_A400,0
1333.0,1347.0,1436808.0,1436820.0,121.0,17.0,12.0,11890.0,67.0,125.0,1356.0,40.0,TypeOfSteel_A400,0
340.0,352.0,573781.0,573792.0,103.0,14.0,11.0,11535.0,,133.0,1694.0,80.0,TypeOfSteel_A300,0
899.0,906.0,844907.0,844932.0,139.0,14.0,25.0,16593.0,108.0,133.0,1356.0,40.0,TypeOfSteel_A400,0
633.0,641.0,341132.0,341158.0,139.0,13.0,26.0,10685.0,61.0,94.0,1362.0,200.0,TypeOfSteel_A300,0
1277.0,1290.0,396403.0,396420.0,161.0,17.0,17.0,11803.0,41.0,95.0,1364.0,200.0,TypeOfSteel_A300,0
1043.0,1106.0,4163671.0,4163699.0,980.0,80.0,46.0,92750.0,24.0,133.0,1356.0,200.0,TypeOfSteel_A300,0
589.0,601.0,4201928.0,4201948.0,150.0,19.0,20.0,15635.0,,126.0,1356.0,200.0,TypeOfSteel_A300,0
772.0,1006.0,4313950.0,4314267.0,19818.0,905.0,583.0,1966409.0,46.0,135.0,1358.0,200.0,TypeOfSteel_A300,0
630.0,649.0,5015327.0,5015357.0,249.0,32.0,31.0,17250.0,49.0,87.0,1356.0,200.0,TypeOfSteel_A300,0
483.0,512.0,5060301.0,5060316.0,206.0,41.0,21.0,25181.0,104.0,143.0,1632.0,200.0,TypeOfSteel_A300,0
705.0,727.0,5071808.0,5071831.0,282.0,38.0,27.0,30746.0,77.0,126.0,1356.0,200.0,TypeOfSteel_A300,0
317.0,337.0,5082496.0,5082524.0,206.0,27.0,28.0,22484.0,95.0,127.0,1614.0,200.0,TypeOfSteel_A300,0
847.0,852.0,1689271.0,1689336.0,250.0,16.0,65.0,28818.0,106.0,125.0,1353.0,70.0,TypeOfSteel_A400,0
413.0,426.0,2727673.0,2727684.0,71.0,13.0,11.0,7264.0,,118.0,1623.0,100.0,TypeOfSteel_A300,0
484.0,555.0,1466087.0,1466141.0,1241.0,183.0,102.0,22191.0,0.0,37.0,1650.0,69.0,TypeOfSteel_A300,0
99.0,110.0,1552116.0,1552126.0,65.0,15.0,11.0,7193.0,102.0,124.0,1648.0,69.0,TypeOfSteel_A300,0
535.0,578.0,149538.0,149552.0,265.0,74.0,46.0,32153.0,114.0,134.0,1692.0,70.0,TypeOfSteel_A400,0
61.0,99.0,4757479.0,4757628.0,1970.0,210.0,181.0,29002.0,0.0,39.0,1346.0,100.0,TypeOfSteel_A300,0
1066.0,1081.0,9670837.0,9670878.0,235.0,43.0,45.0,27135.0,106.0,127.0,1362.0,40.0,TypeOfSteel_A400,0
153.0,163.0,28527.0,28542.0,91.0,16.0,16.0,9860.0,103.0,118.0,1364.0,40.0,TypeOfSteel_A400,0
33.0,96.0,60056.0,60340.0,3042.0,198.0,284.0,262543.0,70.0,103.0,1360.0,200.0,TypeOfSteel_A400,0
56.0,90.0,173070.0,173236.0,2691.0,204.0,209.0,275133.0,,124.0,1356.0,200.0,TypeOfSteel_A400,0
51.0,76.0,185988.0,186088.0,1126.0,88.0,115.0,118631.0,93.0,119.0,1360.0,200.0,TypeOfSteel_A400,0
73.0,87.0,272159.0,272168.0,69.0,19.0,13.0,8813.0,118.0,141.0,1358.0,200.0,TypeOfSteel_A400,0
49.0,82.0,313092.0,313218.0,2822.0,102.0,127.0,275539.0,,124.0,1360.0,200.0,TypeOfSteel_A400,0
45.0,62.0,323844.0,323852.0,62.0,24.0,14.0,7716.0,117.0,134.0,1360.0,200.0,TypeOfSteel_A400,0
98.0,168.0,395521.0,395722.0,8035.0,189.0,214.0,782154.0,,134.0,1360.0,200.0,TypeOfSteel_A400,0
88.0,106.0,462995.0,463001.0,64.0,21.0,9.0,6613.0,94.0,119.0,1360.0,200.0,TypeOfSteel_A400,0
38.0,64.0,506976.0,507152.0,1760.0,174.0,180.0,178588.0,,124.0,1360.0,200.0,TypeOfSteel_A400,0
19.0,28.0,39680.0,39849.0,1170.0,99.0,174.0,67967.0,29.0,93.0,1362.0,200.0,TypeOfSteel_A400,0
72.0,145.0,98042.0,98192.0,6156.0,233.0,211.0,543449.0,69.0,109.0,1362.0,200.0,TypeOfSteel_A400,0
206.0,220.0,138169.0,138184.0,104.0,29.0,18.0,11981.0,108.0,125.0,1362.0,200.0,TypeOfSteel_A400,0
1051.0,1063.0,168407.0,168485.0,414.0,57.0,78.0,36600.0,,101.0,1360.0,200.0,TypeOfSteel_A400,0
519.0,528.0,14524.0,14551.0,160.0,22.0,29.0,12173.0,70.0,86.0,1394.0,220.0,TypeOfSteel_A400,0
871.0,883.0,81644.0,81706.0,407.0,42.0,63.0,38223.0,,108.0,1394.0,220.0,TypeOfSteel_A400,0
545.0,559.0,86815.0,86886.0,500.0,83.0,76.0,49038.0,,110.0,1392.0,220.0,TypeOfSteel_A400,0
203.0,220.0,105382.0,105408.0,188.0,43.0,36.0,17560.0,,101.0,1392.0,220.0,TypeOfSteel_A400,0
114.0,134.0,115356.0,115418.0,532.0,75.0,73.0,54451.0,94.0,111.0,1392.0,220.0,TypeOfSteel_A400,0
127.0,147.0,152117.0,152274.0,1499.0,168.0,174.0,156200.0,,119.0,1392.0,220.0,TypeOfSteel_A400,0
520.0,546.0,186833.0,186914.0,1006.0,120.0,96.0,116653.0,104.0,127.0,1392.0,220.0,TypeOfSteel_A400,0
441.0,462.0,214705.0,214812.0,1275.0,96.0,112.0,125462.0,,117.0,1394.0,220.0,TypeOfSteel_A400,0
145.0,171.0,233467.0,233671.0,1994.0,214.0,220.0,236010.0,104.0,135.0,1394.0,220.0,TypeOfSteel_A400,0
113.0,153.0,310621.0,310797.0,2281.0,365.0,268.0,287273.0,113.0,143.0,1394.0,220.0,TypeOfSteel_A400,0
833.0,856.0,937709.0,937842.0,1058.0,142.0,151.0,132331.0,112.0,143.0,1396.0,220.0,TypeOfSteel_A400,0
1361.0,1380.0,183725.0,183734.0,103.0,28.0,13.0,10477.0,95.0,111.0,1690.0,70.0,TypeOfSteel_A400,0
1267.0,1303.0,214065.0,214075.0,160.0,40.0,18.0,20199.0,117.0,140.0,1690.0,70.0,TypeOfSteel_A400,0
767.0,784.0,45270.0,45288.0,182.0,22.0,18.0,14763.0,72.0,93.0,1630.0,140.0,TypeOfSteel_A400,0
1303.0,1315.0,9708110.0,9708157.0,347.0,43.0,51.0,37960.0,95.0,127.0,1362.0,40.0,TypeOfSteel_A400,0
492.0,506.0,169603.0,169617.0,110.0,21.0,16.0,20245.0,178.0,197.0,1387.0,40.0,TypeOfSteel_A400,0
539.0,561.0,247445.0,247463.0,145.0,61.0,35.0,19450.0,128.0,143.0,1387.0,40.0,TypeOfSteel_A400,0
158.0,177.0,587778.0,587795.0,146.0,38.0,22.0,19116.0,124.0,140.0,1387.0,40.0,TypeOfSteel_A400,0
1362.0,1378.0,821437.0,821450.0,140.0,18.0,20.0,16070.0,103.0,126.0,1387.0,40.0,TypeOfSteel_A400,0
1368.0,1378.0,929571.0,929600.0,205.0,14.0,34.0,21556.0,,119.0,1387.0,40.0,TypeOfSteel_A400,0
1358.0,1378.0,956972.0,956991.0,226.0,23.0,27.0,23587.0,,119.0,1387.0,40.0,TypeOfSteel_A400,0
1370.0,1379.0,980597.0,980617.0,113.0,13.0,20.0,11635.0,94.0,116.0,1387.0,40.0,TypeOfSteel_A400,0
15.0,31.0,991553.0,991569.0,151.0,21.0,18.0,16849.0,104.0,119.0,1387.0,40.0,TypeOfSteel_A400,0
15.0,32.0,1003575.0,1003594.0,132.0,18.0,20.0,14926.0,105.0,124.0,1387.0,40.0,TypeOfSteel_A400,0
1374.0,1382.0,1036577.0,1036598.0,110.0,9.0,21.0,11570.0,93.0,118.0,1387.0,40.0,TypeOfSteel_A400,0
20.0,31.0,1048964.0,1048986.0,158.0,18.0,22.0,17923.0,106.0,125.0,1373.0,40.0,TypeOfSteel_A400,0
15.0,29.0,1059907.0,1059929.0,166.0,17.0,22.0,18656.0,104.0,119.0,1373.0,40.0,TypeOfSteel_A400,0
1365.0,1382.0,1074472.0,1074485.0,133.0,18.0,14.0,14132.0,77.0,119.0,1387.0,40.0,TypeOfSteel_A400,0
15.0,29.0,1084661.0,1084680.0,128.0,17.0,21.0,14278.0,104.0,119.0,1373.0,40.0,TypeOfSteel_A400,0
5.0,21.0,1108621.0,1108641.0,217.0,18.0,23.0,22124.0,53.0,125.0,1373.0,40.0,TypeOfSteel_A400,0
13.0,25.0,1122694.0,1122712.0,127.0,15.0,19.0,14830.0,111.0,127.0,1373.0,40.0,TypeOfSteel_A400,0
9.0,19.0,1132780.0,1132795.0,117.0,11.0,15.0,12317.0,,124.0,1373.0,40.0,TypeOfSteel_A400,0
19.0,33.0,1143416.0,1143429.0,114.0,16.0,15.0,13193.0,110.0,125.0,1373.0,40.0,TypeOfSteel_A400,0
9.0,20.0,1214727.0,1214748.0,140.0,13.0,23.0,14835.0,,124.0,1373.0,40.0,TypeOfSteel_A400,0
10.0,22.0,1269420.0,1269438.0,141.0,12.0,19.0,15646.0,105.0,124.0,1373.0,40.0,TypeOfSteel_A400,0
5.0,17.0,1302051.0,1302067.0,130.0,13.0,17.0,12480.0,61.0,119.0,1373.0,40.0,TypeOfSteel_A400,0
9.0,14.0,1672180.0,1672222.0,128.0,12.0,42.0,11931.0,75.0,118.0,1373.0,40.0,TypeOfSteel_A400,0
1566.0,1577.0,2613123.0,2613138.0,106.0,19.0,15.0,8602.0,63.0,95.0,1654.0,100.0,TypeOfSteel_A300,0
481.0,503.0,1342944.0,1342971.0,243.0,43.0,34.0,27326.0,104.0,126.0,1602.0,40.0,TypeOfSteel_A400,0
1207.0,1229.0,1438781.0,1438802.0,294.0,69.0,41.0,35659.0,116.0,128.0,1602.0,40.0,TypeOfSteel_A400,0
540.0,563.0,1469856.0,1469884.0,373.0,61.0,42.0,42582.0,107.0,127.0,1604.0,40.0,TypeOfSteel_A400,0
1251.0,1276.0,2371628.0,2371646.0,203.0,40.0,31.0,26321.0,121.0,141.0,1600.0,40.0,TypeOfSteel_A400,0
1235.0,1258.0,2401744.0,2401760.0,152.0,36.0,23.0,19464.0,121.0,140.0,1600.0,40.0,TypeOfSteel_A400,0
834.0,884.0,283101.0,283128.0,359.0,71.0,43.0,31349.0,73.0,116.0,1360.0,300.0,TypeOfSteel_A300,0
911.0,920.0,344819.0,344829.0,54.0,12.0,11.0,4761.0,,102.0,1358.0,300.0,TypeOfSteel_A300,0
1155.0,1187.0,2574964.0,2574980.0,162.0,37.0,34.0,18471.0,104.0,127.0,1623.0,100.0,TypeOfSteel_A300,0
325.0,361.0,58567.0,58747.0,2059.0,134.0,200.0,374117.0,169.0,199.0,1387.0,40.0,TypeOfSteel_A400,0
605.0,736.0,2066548.0,2066684.0,1981.0,219.0,206.0,230693.0,104.0,127.0,1387.0,40.0,TypeOfSteel_A400,0
104.0,116.0,2312016.0,2312026.0,67.0,15.0,16.0,7882.0,107.0,127.0,1354.0,70.0,TypeOfSteel_A300,0
54.0,75.0,2344077.0,2344153.0,838.0,67.0,80.0,85442.0,,119.0,1358.0,70.0,TypeOfSteel_A300,0
151.0,161.0,2368336.0,2368345.0,59.0,11.0,9.0,5637.0,,103.0,1356.0,70.0,TypeOfSteel_A300,0
71.0,95.0,2394841.0,2394907.0,624.0,72.0,67.0,61079.0,,118.0,1356.0,70.0,TypeOfSteel_A300,0
118.0,135.0,2473221.0,2473233.0,80.0,23.0,13.0,10030.0,113.0,140.0,1358.0,70.0,TypeOfSteel_A300,0
83.0,92.0,2519944.0,2519955.0,55.0,13.0,12.0,6782.0,114.0,135.0,1354.0,70.0,TypeOfSteel_A300,0
74.0,80.0,2615295.0,2615309.0,62.0,13.0,14.0,6764.0,97.0,126.0,1358.0,70.0,TypeOfSteel_A300,0
97.0,107.0,2770166.0,2770177.0,70.0,19.0,14.0,8127.0,104.0,127.0,1356.0,70.0,TypeOfSteel_A300,0
92.0,115.0,2797518.0,2797525.0,77.0,25.0,10.0,6702.0,76.0,101.0,1354.0,70.0,TypeOfSteel_A300,0
458.0,519.0,2871825.0,2871852.0,543.0,81.0,46.0,58157.0,93.0,119.0,1350.0,70.0,TypeOfSteel_A300,0
79.0,86.0,2887095.0,2887114.0,86.0,17.0,19.0,9690.0,102.0,123.0,1350.0,70.0,TypeOfSteel_A300,0
541.0,573.0,2978904.0,2978933.0,529.0,47.0,32.0,58088.0,,133.0,1354.0,70.0,TypeOfSteel_A300,0
78.0,94.0,1523381.0,1523431.0,463.0,69.0,54.0,60518.0,118.0,141.0,1360.0,130.0,TypeOfSteel_A400,0
95.0,169.0,338690.0,338716.0,563.0,109.0,59.0,66987.0,107.0,135.0,1358.0,175.0,TypeOfSteel_A400,0
129.0,162.0,419384.0,419405.0,289.0,64.0,37.0,34165.0,109.0,133.0,1358.0,175.0,TypeOfSteel_A400,0
129.0,173.0,439740.0,439763.0,366.0,59.0,42.0,42778.0,107.0,134.0,1358.0,175.0,TypeOfSteel_A400,0
143.0,166.0,518468.0,518483.0,206.0,34.0,18.0,23642.0,101.0,127.0,1358.0,175.0,TypeOfSteel_A400,0
900.0,934.0,665052.0,665079.0,269.0,49.0,33.0,31538.0,109.0,127.0,1364.0,50.0,TypeOfSteel_A400,0
867.0,887.0,681373.0,681396.0,236.0,52.0,32.0,28625.0,112.0,133.0,1364.0,50.0,TypeOfSteel_A400,0
864.0,893.0,707122.0,707137.0,238.0,56.0,31.0,30361.0,118.0,140.0,1364.0,50.0,TypeOfSteel_A400,0
863.0,882.0,728350.0,728372.0,243.0,24.0,25.0,31245.0,118.0,140.0,1364.0,50.0,TypeOfSteel_A400,0
797.0,831.0,735496.0,735528.0,337.0,57.0,43.0,43551.0,119.0,143.0,1362.0,50.0,TypeOfSteel_A400,0
883.0,917.0,745600.0,745614.0,254.0,42.0,25.0,31667.0,116.0,135.0,1362.0,50.0,TypeOfSteel_A400,0
837.0,868.0,753061.0,753089.0,212.0,56.0,37.0,27232.0,119.0,142.0,1364.0,50.0,TypeOfSteel_A400,0
897.0,925.0,1410869.0,1410896.0,361.0,51.0,35.0,46442.0,121.0,143.0,1362.0,50.0,TypeOfSteel_A400,0
1002.0,1021.0,28972.0,28984.0,128.0,29.0,16.0,13352.0,96.0,116.0,1360.0,40.0,TypeOfSteel_A400,0
996.0,1015.0,28972.0,28984.0,128.0,29.0,16.0,13352.0,96.0,116.0,1358.0,40.0,TypeOfSteel_A400,0
1244.0,1281.0,57715.0,57763.0,649.0,110.0,71.0,61937.0,,117.0,1360.0,40.0,TypeOfSteel_A400,0
1175.0,1208.0,70457.0,70478.0,288.0,62.0,34.0,27785.0,,127.0,1356.0,40.0,TypeOfSteel_A400,0
1164.0,1197.0,79360.0,79387.0,434.0,76.0,51.0,47440.0,97.0,127.0,1358.0,40.0,TypeOfSteel_A400,0
1172.0,1214.0,88783.0,88808.0,383.0,91.0,58.0,47204.0,114.0,140.0,1354.0,40.0,TypeOfSteel_A400,0
1183.0,1203.0,96812.0,96831.0,203.0,33.0,23.0,21098.0,96.0,118.0,1354.0,40.0,TypeOfSteel_A400,0
1237.0,1261.0,161008.0,161069.0,617.0,125.0,83.0,75121.0,113.0,133.0,1354.0,40.0,TypeOfSteel_A400,0
1194.0,1219.0,172567.0,172592.0,204.0,68.0,38.0,25491.0,114.0,141.0,1358.0,40.0,TypeOfSteel_A400,0
1257.0,1275.0,180920.0,180939.0,160.0,55.0,32.0,19189.0,112.0,135.0,1356.0,40.0,TypeOfSteel_A400,0
1138.0,1157.0,240466.0,240480.0,146.0,25.0,18.0,16579.0,105.0,127.0,1356.0,40.0,TypeOfSteel_A400,0
1246.0,1267.0,260406.0,260425.0,235.0,36.0,23.0,23782.0,,119.0,1356.0,40.0,TypeOfSteel_A400,0
216.0,228.0,2150440.0,2150452.0,106.0,12.0,13.0,12235.0,107.0,124.0,1387.0,40.0,TypeOfSteel_A400,0
1299.0,1306.0,336968.0,336982.0,54.0,9.0,14.0,6167.0,106.0,127.0,1358.0,100.0,TypeOfSteel_A300,0
213.0,227.0,9496251.0,9496258.0,56.0,16.0,8.0,7105.0,118.0,140.0,1360.0,100.0,TypeOfSteel_A300,0
209.0,259.0,9649727.0,9649771.0,1182.0,87.0,71.0,130201.0,96.0,127.0,1360.0,100.0,TypeOfSteel_A300,0
1039.0,1048.0,1338444.0,1338453.0,66.0,10.0,9.0,7683.0,101.0,130.0,1362.0,120.0,TypeOfSteel_A300,0
1245.0,1254.0,1779008.0,1779024.0,84.0,13.0,16.0,9791.0,104.0,130.0,1362.0,120.0,TypeOfSteel_A300,0
1206.0,1216.0,1802452.0,1802460.0,67.0,11.0,8.0,7164.0,,124.0,1362.0,120.0,TypeOfSteel_A300,0
927.0,936.0,1971777.0,1971784.0,35.0,10.0,8.0,4277.0,117.0,127.0,1356.0,50.0,TypeOfSteel_A400,0
1023.0,1033.0,403757.0,403767.0,53.0,14.0,11.0,4834.0,,116.0,1358.0,300.0,TypeOfSteel_A300,0
375.0,388.0,428222.0,428235.0,59.0,20.0,15.0,5791.0,,126.0,1360.0,300.0,TypeOfSteel_A300,0
980.0,992.0,508236.0,508253.0,74.0,22.0,18.0,6859.0,,116.0,1358.0,300.0,TypeOfSteel_A300,0
1146.0,1162.0,581539.0,581546.0,74.0,19.0,12.0,6481.0,,103.0,1358.0,300.0,TypeOfSteel_A300,0
1089.0,1098.0,902188.0,902203.0,73.0,12.0,16.0,6996.0,,124.0,1360.0,300.0,TypeOfSteel_A300,0
1057.0,1066.0,945549.0,945557.0,52.0,11.0,8.0,5035.0,,126.0,1360.0,300.0,TypeOfSteel_A300,0
1036.0,1054.0,960191.0,960202.0,61.0,30.0,17.0,6116.0,,124.0,1360.0,300.0,TypeOfSteel_A300,0
1085.0,1103.0,975066.0,975076.0,96.0,25.0,16.0,9265.0,,126.0,1358.0,300.0,TypeOfSteel_A300,0
309.0,322.0,1314894.0,1314902.0,61.0,14.0,10.0,6886.0,102.0,123.0,1623.0,100.0,TypeOfSteel_A300,0
1531.0,1544.0,1191636.0,1191659.0,220.0,18.0,24.0,20121.0,52.0,125.0,1686.0,143.0,TypeOfSteel_A300,0
1188.0,1202.0,142256.0,142260.0,34.0,14.0,5.0,4385.0,121.0,143.0,1366.0,60.0,TypeOfSteel_A400,0
971.0,980.0,74495.0,74519.0,148.0,19.0,24.0,16771.0,101.0,133.0,1362.0,175.0,TypeOfSteel_A400,0
618.0,650.0,2017425.0,2017438.0,103.0,51.0,20.0,13657.0,124.0,141.0,1358.0,40.0,TypeOfSteel_A400,0
654.0,661.0,1465420.0,1465433.0,55.0,13.0,13.0,6302.0,107.0,126.0,1354.0,40.0,TypeOfSteel_A400,0
626.0,643.0,1969029.0,1969068.0,365.0,39.0,40.0,39229.0,,126.0,1710.0,100.0,TypeOfSteel_A300,0
550.0,558.0,2426501.0,2426519.0,109.0,15.0,18.0,12587.0,103.0,135.0,1708.0,100.0,TypeOfSteel_A300,0
57.0,64.0,766963.0,766976.0,36.0,9.0,13.0,2765.0,64.0,93.0,1694.0,211.0,TypeOfSteel_A300,0
1170.0,1176.0,745366.0,745380.0,68.0,15.0,14.0,7859.0,106.0,127.0,1364.0,130.0,TypeOfSteel_A400,0
613.0,620.0,9228.0,9246.0,85.0,12.0,18.0,8495.0,,124.0,1366.0,175.0,TypeOfSteel_A400,0
825.0,834.0,640704.0,640724.0,126.0,16.0,20.0,14429.0,103.0,132.0,1364.0,100.0,TypeOfSteel_A400,0
1129.0,1137.0,1207379.0,1207406.0,101.0,27.0,27.0,11776.0,104.0,133.0,1694.0,70.0,TypeOfSteel_A400,0
54.0,62.0,3971234.0,3971359.0,583.0,75.0,125.0,60497.0,,126.0,1366.0,40.0,TypeOfSteel_A400,0
344.0,355.0,113753.0,113766.0,92.0,12.0,13.0,4690.0,29.0,71.0,1356.0,300.0,TypeOfSteel_A300,0
42.0,53.0,141291.0,141311.0,135.0,19.0,20.0,7015.0,36.0,71.0,1356.0,300.0,TypeOfSteel_A300,0
1005.0,1012.0,53568.0,53593.0,83.0,16.0,27.0,14187.0,161.0,181.0,1353.0,200.0,TypeOfSteel_A400,0
1164.0,1173.0,18324.0,18328.0,32.0,9.0,4.0,6356.0,191.0,207.0,1353.0,200.0,TypeOfSteel_A400,0
1154.0,1165.0,23012.0,23019.0,42.0,12.0,10.0,8361.0,190.0,207.0,1353.0,200.0,TypeOfSteel_A400,0
126.0,137.0,31146.0,31164.0,119.0,19.0,19.0,22198.0,179.0,197.0,1353.0,200.0,TypeOfSteel_A400,0
156.0,163.0,48235.0,48244.0,36.0,8.0,9.0,6430.0,172.0,189.0,1353.0,200.0,TypeOfSteel_A400,0
25.0,31.0,55671.0,55688.0,64.0,12.0,17.0,9996.0,147.0,166.0,1353.0,200.0,TypeOfSteel_A400,0
699.0,708.0,86285.0,86296.0,57.0,11.0,12.0,10612.0,179.0,197.0,1353.0,200.0,TypeOfSteel_A400,0
131.0,138.0,106169.0,106180.0,34.0,9.0,12.0,5942.0,167.0,182.0,1353.0,200.0,TypeOfSteel_A400,0
100.0,107.0,108596.0,108604.0,39.0,11.0,8.0,6999.0,172.0,189.0,1353.0,200.0,TypeOfSteel_A400,0
1247.0,1273.0,120090.0,120110.0,301.0,38.0,46.0,51176.0,160.0,182.0,1353.0,200.0,TypeOfSteel_A400,0
108.0,117.0,80480.0,80500.0,105.0,17.0,21.0,16675.0,151.0,172.0,1353.0,100.0,TypeOfSteel_A400,0
159.0,172.0,7003.0,7020.0,126.0,21.0,29.0,23023.0,173.0,196.0,1353.0,100.0,TypeOfSteel_A400,0
40.0,56.0,15755.0,15765.0,102.0,17.0,10.0,17813.0,162.0,189.0,1353.0,100.0,TypeOfSteel_A400,0
16.0,32.0,21104.0,21135.0,225.0,51.0,57.0,33183.0,133.0,165.0,1353.0,100.0,TypeOfSteel_A400,0
980.0,1010.0,33416.0,33425.0,130.0,33.0,36.0,25944.0,192.0,212.0,1353.0,100.0,TypeOfSteel_A400,0
111.0,120.0,68259.0,68288.0,121.0,27.0,32.0,19974.0,151.0,175.0,1353.0,100.0,TypeOfSteel_A400,0
110.0,117.0,90910.0,90937.0,116.0,18.0,28.0,19935.0,162.0,181.0,1353.0,100.0,TypeOfSteel_A400,0
111.0,121.0,104337.0,104353.0,101.0,10.0,17.0,16669.0,153.0,175.0,1353.0,100.0,TypeOfSteel_A400,0
1240.0,1252.0,127346.0,127368.0,155.0,25.0,28.0,24156.0,145.0,167.0,1353.0,100.0,TypeOfSteel_A400,0
382.0,392.0,172773.0,172798.0,137.0,18.0,26.0,23072.0,161.0,175.0,1353.0,100.0,TypeOfSteel_A400,0
265.0,276.0,183293.0,183331.0,227.0,22.0,38.0,32920.0,135.0,158.0,1353.0,100.0,TypeOfSteel_A400,0
123.0,132.0,189105.0,189141.0,145.0,18.0,39.0,20557.0,132.0,151.0,1353.0,100.0,TypeOfSteel_A400,0
408.0,415.0,195003.0,195029.0,111.0,14.0,27.0,16728.0,144.0,158.0,1353.0,100.0,TypeOfSteel_A400,0
217.0,225.0,199985.0,200008.0,117.0,19.0,24.0,16891.0,135.0,156.0,1353.0,100.0,TypeOfSteel_A400,0
1109.0,1134.0,219220.0,219230.0,116.0,33.0,32.0,18402.0,150.0,172.0,1353.0,100.0,TypeOfSteel_A400,0
1682.0,1688.0,1248097.0,1248109.0,53.0,6.0,12.0,3202.0,40.0,86.0,1692.0,70.0,TypeOfSteel_A300,0
619.0,659.0,1292098.0,1292100.0,60.0,40.0,4.0,7750.0,102.0,164.0,1690.0,70.0,TypeOfSteel_A300,0
0.0,27.0,1359864.0,1359867.0,63.0,28.0,7.0,7045.0,,156.0,1690.0,70.0,TypeOfSteel_A300,0
0.0,21.0,1399301.0,1399304.0,52.0,21.0,4.0,5644.0,56.0,151.0,1690.0,70.0,TypeOfSteel_A300,0
1508.0,1550.0,1791800.0,1791803.0,92.0,42.0,15.0,10838.0,72.0,198.0,1690.0,70.0,TypeOfSteel_A300,0
1677.0,1688.0,2058260.0,2058272.0,95.0,14.0,12.0,5714.0,24.0,93.0,1692.0,70.0,TypeOfSteel_A300,0
1677.0,1688.0,2086458.0,2086470.0,81.0,14.0,12.0,4712.0,14.0,87.0,1692.0,70.0,TypeOfSteel_A300,0
18.0,40.0,2133912.0,2133915.0,54.0,22.0,3.0,6479.0,,158.0,1692.0,70.0,TypeOfSteel_A300,0
1335.0,1668.0,2191536.0,2191539.0,795.0,333.0,62.0,95390.0,77.0,167.0,1692.0,70.0,TypeOfSteel_A300,0
953.0,975.0,2262960.0,2262963.0,52.0,22.0,8.0,6105.0,,159.0,1692.0,70.0,TypeOfSteel_A300,0
61.0,93.0,2310852.0,2310855.0,68.0,32.0,11.0,8808.0,95.0,166.0,1692.0,70.0,TypeOfSteel_A300,0
50.0,72.0,2339660.0,2339663.0,51.0,22.0,5.0,6299.0,99.0,148.0,1690.0,70.0,TypeOfSteel_A300,0
35.0,75.0,2412964.0,2412966.0,65.0,40.0,3.0,8355.0,,165.0,1688.0,70.0,TypeOfSteel_A300,0
263.0,297.0,2555025.0,2555028.0,86.0,34.0,7.0,11010.0,52.0,191.0,1690.0,70.0,TypeOfSteel_A300,0
1662.0,1670.0,2729960.0,2729972.0,55.0,11.0,12.0,4727.0,,93.0,1690.0,70.0,TypeOfSteel_A300,0
1341.0,1409.0,2794140.0,2794143.0,173.0,68.0,11.0,21612.0,65.0,174.0,1692.0,70.0,TypeOfSteel_A300,0
1253.0,1263.0,2860158.0,2860168.0,76.0,13.0,10.0,7943.0,,125.0,1688.0,70.0,TypeOfSteel_A300,0
63.0,92.0,3212692.0,3212695.0,58.0,29.0,10.0,7618.0,100.0,165.0,1690.0,70.0,TypeOfSteel_A300,0
109.0,141.0,4025621.0,4025624.0,53.0,32.0,7.0,6578.0,,159.0,1690.0,70.0,TypeOfSteel_A300,0
791.0,833.0,4104160.0,4104163.0,59.0,42.0,8.0,7281.0,97.0,150.0,1690.0,70.0,TypeOfSteel_A300,0
1087.0,1119.0,80993.0,80996.0,64.0,32.0,7.0,9247.0,,190.0,1692.0,70.0,TypeOfSteel_A300,0
19.0,57.0,103914.0,103916.0,54.0,38.0,2.0,7498.0,101.0,180.0,1362.0,70.0,TypeOfSteel_A300,0
1023.0,1050.0,949856.0,949874.0,209.0,62.0,37.0,28592.0,121.0,151.0,1370.0,69.0,TypeOfSteel_A300,0
949.0,970.0,1037445.0,1037462.0,156.0,39.0,24.0,17756.0,101.0,127.0,1370.0,69.0,TypeOfSteel_A300,0
205.0,228.0,1094338.0,1094348.0,74.0,32.0,12.0,9115.0,110.0,141.0,1366.0,69.0,TypeOfSteel_A300,0
82.0,93.0,1146871.0,1146879.0,51.0,12.0,9.0,6193.0,107.0,143.0,1364.0,69.0,TypeOfSteel_A300,0
1591.0,1608.0,4345277.0,4345283.0,77.0,18.0,11.0,9329.0,112.0,134.0,1650.0,69.0,TypeOfSteel_A300,0
1448.0,1468.0,5281659.0,5281668.0,83.0,26.0,13.0,10583.0,115.0,143.0,1650.0,69.0,TypeOfSteel_A300,0
1669.0,1679.0,456531.0,456548.0,91.0,14.0,17.0,7263.0,64.0,102.0,1688.0,150.0,TypeOfSteel_A300,0
1674.0,1682.0,570234.0,570244.0,35.0,14.0,10.0,2388.0,51.0,87.0,1686.0,150.0,TypeOfSteel_A300,0
1675.0,1684.0,663138.0,663171.0,167.0,23.0,33.0,10526.0,35.0,84.0,1688.0,150.0,TypeOfSteel_A300,0
1673.0,1684.0,702237.0,702267.0,194.0,40.0,33.0,12773.0,35.0,86.0,1688.0,150.0,TypeOfSteel_A300,0
742.0,753.0,311416.0,311420.0,35.0,13.0,7.0,4538.0,118.0,140.0,1658.0,143.0,TypeOfSteel_A300,0
1058.0,1080.0,751892.0,751911.0,133.0,35.0,20.0,17085.0,112.0,142.0,1658.0,143.0,TypeOfSteel_A300,0
1292.0,1372.0,1506506.0,1506552.0,1973.0,134.0,80.0,240091.0,105.0,140.0,1658.0,143.0,TypeOfSteel_A300,0
123.0,140.0,1477978.0,1477986.0,69.0,19.0,12.0,8701.0,113.0,142.0,1652.0,100.0,TypeOfSteel_A300,0
1551.0,1576.0,2071735.0,2071746.0,143.0,36.0,25.0,17042.0,109.0,135.0,1668.0,100.0,TypeOfSteel_A300,0
1379.0,1396.0,2128940.0,2128956.0,126.0,33.0,22.0,16498.0,116.0,148.0,1666.0,100.0,TypeOfSteel_A300,0
773.0,801.0,2240409.0,2240422.0,207.0,34.0,23.0,26766.0,114.0,143.0,1668.0,100.0,TypeOfSteel_A300,0
547.0,588.0,2084580.0,2084619.0,860.0,57.0,44.0,95173.0,,132.0,1708.0,100.0,TypeOfSteel_A300,0
1557.0,1584.0,2375780.0,2375805.0,339.0,79.0,40.0,39556.0,104.0,132.0,1710.0,100.0,TypeOfSteel_A300,0
691.0,710.0,664879.0,664883.0,55.0,19.0,6.0,7211.0,114.0,150.0,1694.0,143.0,TypeOfSteel_A300,0
1398.0,1445.0,684296.0,684315.0,381.0,91.0,47.0,48528.0,111.0,143.0,1694.0,143.0,TypeOfSteel_A300,0
900.0,916.0,693632.0,693638.0,53.0,17.0,8.0,6697.0,110.0,143.0,1692.0,143.0,TypeOfSteel_A300,0
832.0,848.0,712437.0,712446.0,67.0,29.0,12.0,8140.0,102.0,141.0,1692.0,143.0,TypeOfSteel_A300,0
1027.0,1048.0,787015.0,787022.0,76.0,22.0,10.0,9934.0,109.0,148.0,1692.0,143.0,TypeOfSteel_A300,0
1275.0,1300.0,883635.0,883640.0,73.0,28.0,14.0,9247.0,111.0,143.0,1692.0,143.0,TypeOfSteel_A300,0
983.0,1005.0,895625.0,895642.0,102.0,42.0,22.0,12942.0,114.0,141.0,1694.0,143.0,TypeOfSteel_A300,0
374.0,382.0,303204.0,303209.0,24.0,10.0,5.0,3166.0,124.0,140.0,1364.0,130.0,TypeOfSteel_A400,0
196.0,209.0,157035.0,157044.0,60.0,20.0,14.0,7508.0,117.0,135.0,1364.0,40.0,TypeOfSteel_A400,0
122.0,146.0,203252.0,203261.0,95.0,33.0,22.0,12566.0,124.0,143.0,1362.0,40.0,TypeOfSteel_A400,0
189.0,203.0,238753.0,238766.0,63.0,20.0,14.0,8140.0,118.0,141.0,1364.0,40.0,TypeOfSteel_A400,0
213.0,229.0,260092.0,260110.0,137.0,50.0,27.0,17621.0,120.0,140.0,1364.0,40.0,TypeOfSteel_A400,0
345.0,362.0,283416.0,283428.0,60.0,23.0,18.0,7914.0,124.0,143.0,1364.0,40.0,TypeOfSteel_A400,0
121.0,148.0,373848.0,373861.0,149.0,49.0,29.0,19691.0,122.0,143.0,1360.0,40.0,TypeOfSteel_A400,0
182.0,211.0,402237.0,402266.0,268.0,98.0,55.0,35565.0,125.0,143.0,1364.0,40.0,TypeOfSteel_A400,0
273.0,298.0,473262.0,473272.0,94.0,30.0,18.0,11877.0,117.0,143.0,1366.0,40.0,TypeOfSteel_A400,0
389.0,406.0,516427.0,516436.0,67.0,22.0,16.0,8596.0,120.0,143.0,1362.0,40.0,TypeOfSteel_A400,0
856.0,871.0,531684.0,531693.0,54.0,23.0,16.0,7145.0,125.0,143.0,1362.0,40.0,TypeOfSteel_A400,0
767.0,788.0,566837.0,566850.0,83.0,28.0,20.0,10345.0,115.0,141.0,1362.0,40.0,TypeOfSteel_A400,0
154.0,169.0,260124.0,260136.0,75.0,27.0,17.0,9948.0,125.0,143.0,1364.0,40.0,TypeOfSteel_A400,0
275.0,299.0,1133715.0,1133734.0,318.0,39.0,32.0,39911.0,116.0,140.0,1364.0,40.0,TypeOfSteel_A400,0
271.0,291.0,1488866.0,1488885.0,204.0,38.0,22.0,23155.0,105.0,126.0,1362.0,40.0,TypeOfSteel_A400,0
214.0,247.0,1538494.0,1538509.0,209.0,66.0,46.0,27037.0,118.0,143.0,1362.0,40.0,TypeOfSteel_A400,0
270.0,301.0,1563477.0,1563499.0,329.0,61.0,37.0,41053.0,115.0,140.0,1362.0,40.0,TypeOfSteel_A400,0
23.0,43.0,2985008.0,2985026.0,170.0,42.0,20.0,19738.0,107.0,125.0,1364.0,40.0,TypeOfSteel_A400,0
21.0,45.0,3063739.0,3063768.0,277.0,52.0,42.0,33476.0,113.0,128.0,1362.0,40.0,TypeOfSteel_A400,0
21.0,39.0,3411415.0,3411438.0,201.0,46.0,28.0,23925.0,112.0,126.0,1364.0,40.0,TypeOfSteel_A400,0
1053.0,1063.0,173208.0,173226.0,68.0,26.0,18.0,8717.0,120.0,141.0,1366.0,185.0,TypeOfSteel_A400,0
160.0,170.0,252936.0,252958.0,97.0,24.0,23.0,12775.0,123.0,142.0,1364.0,185.0,TypeOfSteel_A400,0
1303.0,1344.0,33298.0,33323.0,452.0,44.0,26.0,42686.0,65.0,117.0,1366.0,175.0,TypeOfSteel_A400,0
130.0,153.0,197701.0,197718.0,240.0,47.0,18.0,30130.0,118.0,140.0,1360.0,40.0,TypeOfSteel_A400,0
247.0,272.0,244048.0,244067.0,235.0,36.0,22.0,29911.0,119.0,142.0,1360.0,40.0,TypeOfSteel_A400,0
523.0,567.0,266325.0,266337.0,209.0,67.0,30.0,26833.0,119.0,141.0,1360.0,40.0,TypeOfSteel_A400,0
367.0,422.0,289647.0,289665.0,355.0,116.0,58.0,46882.0,123.0,143.0,1360.0,40.0,TypeOfSteel_A400,0
137.0,170.0,301492.0,301511.0,304.0,59.0,26.0,35778.0,111.0,126.0,1360.0,40.0,TypeOfSteel_A400,0
238.0,287.0,315114.0,315142.0,671.0,91.0,39.0,86424.0,119.0,143.0,1360.0,40.0,TypeOfSteel_A400,0
144.0,175.0,340581.0,340598.0,287.0,44.0,24.0,34599.0,112.0,133.0,1360.0,40.0,TypeOfSteel_A400,0
145.0,174.0,386779.0,386794.0,292.0,40.0,22.0,37572.0,120.0,140.0,1360.0,40.0,TypeOfSteel_A400,0
1261.0,1281.0,87951.0,87967.0,103.0,26.0,22.0,11682.0,101.0,133.0,1360.0,80.0,TypeOfSteel_A300,0
